Name,index,id,number_in_campaign,campaign_id,name_zh,name_en,date,location_zh,location_en,coordinates,mission_type,faction,player_role_zh,player_class_recommended,enemy_tactics_zh,friendly_forces_zh,terrain,weather,time_of_day,visibility_m,difficulty,par_time_s,weight_budget_kg,resupply_points,available_support,vehicle_available,historical_note_zh,design_note_zh,music_mood,author_note,enemy_total,enemy_types,support_count,primary_objective_zh,primary_objective_count,objectives,enemy_composition,historical_accuracy,unlock_reward,endless_seed_modifier,objective_1_id,objective_1_text_zh,objective_1_type,objective_1_required,objective_1_time_limit_s,objective_1_condition,objective_1_hold_time_s,objective_1_radius_m,objective_2_id,objective_2_text_zh,objective_2_type,objective_2_required,objective_2_time_limit_s,objective_3_id,objective_3_text_zh,objective_3_type,objective_3_required,objective_3_time_limit_s,objective_3_condition,objective_3_target_count,objective_3_rescue_points,objective_4_id,objective_4_text_zh,objective_4_type,objective_4_required,objective_4_time_limit_s,objective_4_condition,objective_4_radius_m,objective_4_marker_x_m,objective_4_marker_y_m,reward_xp,reward_weapon,reward_class,endless_era,endless_weight_mult,objective_1_target_count,objective_1_target_enemy_ids,objective_3_hold_time_s,objective_3_radius_m,objective_2_condition,objective_2_target_count,objective_2_target_enemy_ids,objective_4_target_count,objective_4_target_enemy_ids,objective_2_marker_x_m,objective_2_marker_y_m,objective_2_target_points,objective_5_id,objective_5_text_zh,objective_5_type,objective_5_required,objective_5_time_limit_s,objective_4_target_points,objective_1_marker_x_m,objective_1_marker_y_m,objective_3_marker_x_m,objective_3_marker_y_m
1,sov_01_brest_fortress,1,sov_barbarossa_1941,布列斯特要塞：没有命令的黎明,Brest Fortress: A Dawn Without Orders,1941-06-22,白俄罗斯布列斯特要塞,"Brest Fortress, Belorussia",52.08N 23.66E,defense,soviet,红军第 6 步兵师某团的一名步兵，凌晨在营房里被炮火掀下床铺，上级联系不上，只能跟着老兵守墙。,rifleman|machine_gunner,德军第 45 步兵师先以炮火与工兵喷火器逐段清扫兵营，机枪组架在桥头压制射击孔；一旦某段城墙被突破，步兵即以 MP40 沿走廊渗透，并利用装甲侦察车沿河堤绕后封堵出口。,红军第 6 步兵师与第 42 步兵师残部混编，另有边防总队与家属。三面被布格河与穆哈维茨河包围，武器多为莫辛步枪与两挺马克沁，弹药按人头摊派，通讯只剩一部被炸坏的野战电话。,fortress,clear,dawn,300,3,1080,26,0,,,一九四一年六月二十二日凌晨，德军第 45 步兵师在炮兵与工兵支援下强攻布列斯特要塞。红军第 6 步兵师与第 42 步兵师的部分单位在通讯断绝、上级命令未能下达时自行防守，四面都是爆炸声。要塞三面被布格河与穆哈维茨河环抱，水源又被切断，守军只能在砖石工事与兵营走廊里逐屋逐墙抵抗，捷列斯波尔门与北桥反复易手，个别据点一直坚持到七月下旬仍在向外射击。,第一关做负重与弹药的入门课：补给点为零，弹药只能从尸体与营房废墟里翻捡，逼玩家第一次意识到多带一盒子弹就是少跑一步路。失败条件是机枪位被打哑或全员阵亡，撤到北面桥头可以保住少量战果，教学目标是学会在断粮断弹中分配每一发子弹。,低沉的大提琴与远处定音鼓，像被压在砖石下的心跳。,,27,5,0,守住布格河一侧的环形兵营阵地 8 分钟,3,"[{""id"":""obj1"",""text_zh"":""守住布格河一侧的环形兵营阵地 8 分钟"",""type"":""primary"",""required"":true,""time_limit_s"":540,""condition"":""hold_position"",""hold_time_s"":480,""radius_m"":4},{""id"":""obj2"",""text_zh"":""用仅存的备用弹药箱为机枪位补给一次"",""type"":""primary"",""required"":true,""time_limit_s"":600},{""id"":""obj3"",""text_zh"":""从废墟与营房中救出至少 6 名家属并护送撤离"",""type"":""secondary"",""required"":false,""time_limit_s"":null,""condition"":""rescue_count"",""target_count"":6,""rescue_points"":[{""x_m"":-16,""y_m"":-10},{""x_m"":-12,""y_m"":-7},{""x_m"":-8,""y_m"":-11},{""x_m"":-4,""y_m"":-6},{""x_m"":-15,""y_m"":3},{""x_m"":-9,""y_m"":5},{""x_m"":-3,""y_m"":1}]},{""id"":""obj4"",""text_zh"":""有人活着撤到北面的桥头"",""type"":""primary"",""required"":true,""time_limit_s"":null,""condition"":""reach_location"",""radius_m"":4,""marker_x_m"":15,""marker_y_m"":20}]","{""ger_landser_rifleman"":18,""ger_mp40_leader"":2,""ger_mg42_team"":2,""ger_pioneer"":4,""sdkfz_222"":1}","{""verified_events"":[""1941-06-22 德军第 45 步兵师开始强攻布列斯特要塞，红军第 6 步兵师与第 42 步兵师残部自发抵抗"",""要塞为三面环水的工事群，守军在孤立无援下坚持数周，个别据点坚持至 7 月下旬""],""dramatized"":[""关卡中玩家所属的具体番号与家属疏散人数为虚构，史料未见对应记载"",""马克沁机枪数量与野战电话细节为可玩性压缩后的简化设定""]}","{""xp"":800,""weapon"":""mosin_m1891_30"",""class"":null}","{""era"":1941,""weight_mult"":1.1}",obj1,守住布格河一侧的环形兵营阵地 8 分钟,primary,true,540,hold_position,480,4,obj2,用仅存的备用弹药箱为机枪位补给一次,primary,true,600,obj3,从废墟与营房中救出至少 6 名家属并护送撤离,secondary,false,,rescue_count,6,"[{""x_m"":-16,""y_m"":-10},{""x_m"":-12,""y_m"":-7},{""x_m"":-8,""y_m"":-11},{""x_m"":-4,""y_m"":-6},{""x_m"":-15,""y_m"":3},{""x_m"":-9,""y_m"":5},{""x_m"":-3,""y_m"":1}]",obj4,有人活着撤到北面的桥头,primary,true,,reach_location,4,15,20,800,mosin_m1891_30,,1941,1.1,,,,,,,,,,,,,,,,,,,,,,
2,sov_02_raze_dubno,2,sov_barbarossa_1941,杜布诺路口：反突击的残骸,Dubno Crossroads: Wreckage of the Counterstroke,1941-06-23,乌克兰杜布诺以西,"West of Dubno, Ukraine",50.42N 25.75E,armored,soviet,第 34 坦克师的一名 T-26 车组乘员，反突击被德军三号坦克打散后，与疏散下来的步兵混在一起，在残骸间重组伏击线。,anti_tank|rifleman,德军装甲集群以三号坦克为矛头沿公路挺进，半履带车随行投送装甲掷弹兵抢占路口；遭伏击后立即展开战斗队形，用坦克炮压制正面、掷弹兵从排水沟侧翼包抄，同时呼叫装甲侦察车绕圈侦察伏击炮位。,西南方面军第 8 机械化军第 34 坦克师残部与第 12 坦克师掉队车组，车辆多为 T-26 与 BT 系列，油料与 45mm 炮弹严重不足；步兵以 RPG-43 与燃烧瓶充当主要反装甲手段，另有 2 门完好的 45mm 反坦克炮。,field,rain,day,600,5,1320,25,1,sov_mortar_82,,一九四一年六月二十三日起，红军西南方面军投入第 8、第 9、第 15、第 19、第 22 机械化军的约两千辆坦克，在布罗迪、杜布诺与卢茨克三角地带对德军第 1 装甲集群发起战争初期规模最大的装甲反突击，第 34 坦克师与第 12 坦克师都在其中。由于油料短缺、指挥混乱加上德军反坦克炮网，反突击到六月底彻底瓦解，公路上遍布被遗弃与烧毁的坦克，车组只能丢下车徒步后撤，能带走的炮弹没有几发。,本关首次引入重装携行与近距反坦克投掷：PTRD-41 重逾 17 公斤，背着它跑不动，必须交给队友或提前选好射位。教学要点是正面打不穿三号坦克，只有侧后与履带有效；听见半履带车引擎就该换位置，否则会被掷弹兵侧翼包抄。,急促的弦乐切分与金属摩擦声，混乱中带着硬撑的节奏。,,24,6,1,炸毁或瘫痪至少 2 辆德军坦克纵队中的车辆,3,"[{""id"":""obj1"",""text_zh"":""炸毁或瘫痪至少 2 辆德军坦克纵队中的车辆"",""type"":""primary"",""required"":true,""time_limit_s"":900,""condition"":""eliminate_count"",""target_count"":2,""target_enemy_ids"":[""pzkpfw_iii""]},{""id"":""obj2"",""text_zh"":""守住浮桥路口 6 分钟，掩护 8 名掉队坦克兵归队"",""type"":""primary"",""required"":true,""time_limit_s"":360},{""id"":""obj3"",""text_zh"":""把反坦克枪从燃烧的 T-26 里取出"",""type"":""secondary"",""required"":false,""time_limit_s"":null},{""id"":""obj4"",""text_zh"":""在德军工兵修好浮桥前离开阵地"",""type"":""primary"",""required"":true,""time_limit_s"":1020}]","{""ger_landser_rifleman"":14,""ger_mp40_leader"":2,""pzkpfw_iii"":3,""sdkfz_251"":2,""sdkfz_222"":2,""ger_mg42_team"":1}","{""verified_events"":[""1941-06-23 起苏军五个机械化军在杜布诺—布罗迪方向发起大规模装甲反突击"",""第 34 坦克师与第 12 坦克师属于第 8 机械化军，参加了杜布诺方向战斗""],""dramatized"":[""关卡中浮桥争夺与具体归队人数为虚构，用于承载反装甲教学"",""玩家以 T-26 车组身份下车作战的桥段为叙事压缩""]}","{""xp"":1100,""weapon"":""ptrds41"",""class"":""anti_tank""}","{""era"":1941,""weight_mult"":1.05}",obj1,炸毁或瘫痪至少 2 辆德军坦克纵队中的车辆,primary,true,900,eliminate_count,,,obj2,守住浮桥路口 6 分钟，掩护 8 名掉队坦克兵归队,primary,true,360,obj3,把反坦克枪从燃烧的 T-26 里取出,secondary,false,,,,,obj4,在德军工兵修好浮桥前离开阵地,primary,true,1020,,,,,1100,ptrds41,anti_tank,1941,1.05,2,"[""pzkpfw_iii""]",,,,,,,,,,,,,,,,,,,,
3,sov_03_minsk_pocket,3,sov_barbarossa_1941,明斯克口袋：弹药见底的突围,Minsk Pocket: Breakout on Empty Pouches,1941-06-28,白俄罗斯明斯克东郊,"Eastern Outskirts of Minsk, Belorussia",53.90N 27.57E,breakthrough,soviet,第 100 步兵师的一名班长，部队在明斯克以东被合围，弹药只剩半个基数，必须组织残兵在合围圈上撕开一个口子。,rifleman|assault|engineer,德军以装甲掷弹兵封锁所有出城道路，机枪组交叉布置在铁路路基与瓦砾楼上，反坦克炮控制桥面；对突围人群使用照明弹与迫击炮拦阻，并以半履带车快速抢占突破口两翼，逼迫守军重新缩回街巷。,西方方面军第 100 步兵师与第 13 步兵师被围残部、几个混编的筑垒地域守备队。没有骑兵，没有坦克，一半人只剩三五发子弹，携行多为伤员与空水壶，指挥靠口头传递，掉队的人只能自己找路。,city,fog,dawn,250,6,1440,22,1,sov_mortar_82,,一九四一年六月二十八日，德军第 2 与第 3 装甲集群在明斯克以东会师，把西方方面军第 3、第 10、第 13 集团军的大部合围在比亚韦斯托克与明斯克之间，第 100 步兵师也在包围圈里。被围部队与外界联络中断，弹药和油料几乎耗尽，只能分成小股向东突围，许多人一直退到别列津纳河才重新编成部队，沿途不断有人掉队或失散。明斯克就在当天失守，后方机关与仓库来不及撤离，物资大多落到了德军手里。,本关教突围节奏：为掉队单位停下的每一分钟都在烧弹药与体力，玩家必须在回去救人和继续跑之间做选择。工兵铲能在冻土与瓦砾上挖浅坑提供有限掩蔽，但弹药一旦见底就会被压制在开阔地上动弹不得，失败条件正是弹药归零且无法脱离接触。,阴冷的弦乐持续音，雾里只有脚步与弹壳声。,,28,6,1,在德军封锁线上打开缺口并让 15 名幸存者通过,2,"[{""id"":""obj1"",""text_zh"":""在德军封锁线上打开缺口并让 15 名幸存者通过"",""type"":""primary"",""required"":true,""time_limit_s"":900},{""id"":""obj2"",""text_zh"":""带队穿过铁路桥"",""type"":""secondary"",""required"":false,""time_limit_s"":null},{""id"":""obj3"",""text_zh"":""在弹药彻底耗尽前撤离明斯克市区"",""type"":""primary"",""required"":true,""time_limit_s"":1080},{""id"":""obj4"",""text_zh"":""炸毁铁路桥上的德军弹药车"",""type"":""secondary"",""required"":false,""time_limit_s"":720}]","{""ger_landser_rifleman"":16,""ger_mg42_team"":3,""ger_mp40_leader"":3,""sdkfz_251"":2,""pzkpfw_iii"":2,""ger_pioneer"":2}","{""verified_events"":[""1941-06-28 德军装甲集群在明斯克以东合围苏军西方方面军主力，明斯克当日失守"",""第 100 步兵师为被围部队之一，突围后残部继续向东退却""],""dramatized"":[""铁路桥爆破与具体的 15 名幸存者门槛为关卡化虚构"",""包围圈上单一突破口的空间尺度被压缩""]}","{""xp"":1300,""weapon"":null,""class"":""engineer""}","{""era"":1941,""weight_mult"":1}",obj1,在德军封锁线上打开缺口并让 15 名幸存者通过,primary,true,900,,,,obj2,带队穿过铁路桥,secondary,false,,obj3,在弹药彻底耗尽前撤离明斯克市区,primary,true,1080,,,,obj4,炸毁铁路桥上的德军弹药车,secondary,false,720,,,,,1300,,engineer,1941,1,,,,,,,,,,,,,,,,,,,,,,
4,sov_04_smolensk,4,sov_barbarossa_1941,斯摩棱斯克：第聂伯河对岸,Smolensk: Across the Dnieper,1941-07-16,俄罗斯斯摩棱斯克市区,"Smolensk, Russia",54.78N 32.05E,delay,soviet,第 16 集团军第 152 步兵师的一名步兵，随残部在第聂伯河南岸的街道上逐屋迟滞德军，为主力争取渡河时间。,rifleman|machine_gunner|engineer,德军以装甲矛头沿主要街道推进，遇到街垒立即呼叫斯图卡俯冲，工兵用爆破筒清屋；机枪组占据钟楼与百货大楼高层俯射，装甲车沿河堤迂回切断退路，压迫守军向渡口溃退，再用迫击炮封锁桥面。,第 16 集团军第 152 步兵师与第 129 步兵师残部，加上民警与工人营。迫击炮弹按发分配，反坦克炮弹几乎见底，通讯靠传令兵；多数人两昼夜未合眼，行军水壶已空，伤员只能靠市民用板车往河边送。,city,clear,dusk,500,5,1440,24,2,sov_mortar_82|sov_smoke_screen,,一九四一年七月十六日，德军第 29 摩托化师突入斯摩棱斯克市区，红军第 16 集团军第 152 步兵师等部在第聂伯河南岸逐街抵抗，同时掩护主力渡河东撤。守军极度缺乏反坦克炮弹，只能靠燃烧瓶与炸药包近身对付坦克，市区在巷战中反复易手，街道被瓦砾和弹坑堵死，伤员要从河岸一点点往后送。斯摩棱斯克会战从七月上旬一直打到九月初，把德军向莫斯科方向的推进拖了将近两个月。,本关第一次教迟滞作战：防线可以丢，时间不能丢，倒计时替代血条成为主要压力，允许玩家主动后撤换阵地。烟幕弹幕首次可用，教学点是遮断钟楼机枪的视线远比硬拼省命，同时要把仅剩的弹药留给掩护渡河的最后几分钟。,缓慢推进的低音提琴，间或有斯图卡鸣笛般的尖锐单音。,,32,6,2,在市中心 3 处路口各维持 4 分钟迟滞,3,"[{""id"":""obj1"",""text_zh"":""在市中心 3 处路口各维持 4 分钟迟滞"",""type"":""primary"",""required"":true,""time_limit_s"":720},{""id"":""obj2"",""text_zh"":""炸掉第聂伯河渡口留存的浮桥"",""type"":""primary"",""required"":true,""time_limit_s"":900},{""id"":""obj3"",""text_zh"":""撤出 2 门缺少炮弹的反坦克炮"",""type"":""secondary"",""required"":false,""time_limit_s"":null},{""id"":""obj4"",""text_zh"":""在德军合拢前把伤员送过河"",""type"":""primary"",""required"":true,""time_limit_s"":1080}]","{""ger_landser_rifleman"":20,""ger_mg42_team"":3,""ger_mp40_leader"":3,""pzkpfw_iii"":3,""sdkfz_251"":2,""ju87_stuka"":1}","{""verified_events"":[""1941-07-16 德军突入斯摩棱斯克市区，苏军第 16 集团军所部展开巷战与渡河防御"",""斯摩棱斯克会战自 7 月上旬持续至 9 月初，迟滞了德军向莫斯科方向的推进""],""dramatized"":[""关卡浮桥爆破与伤员渡河的具体时序为设计需要"",""第 152 步兵师在市区某一路口的具体防御位置被简化""]}","{""xp"":1500,""weapon"":""mosin_pu_sniper"",""class"":""sniper""}","{""era"":1941,""weight_mult"":1}",obj1,在市中心 3 处路口各维持 4 分钟迟滞,primary,true,720,,,,obj2,炸掉第聂伯河渡口留存的浮桥,primary,true,900,obj3,撤出 2 门缺少炮弹的反坦克炮,secondary,false,,,,,obj4,在德军合拢前把伤员送过河,primary,true,1080,,,,,1500,mosin_pu_sniper,sniper,1941,1,,,,,,,,,,,,,,,,,,,,,,
5,sov_05_yelnya,5,sov_barbarossa_1941,叶利尼亚：突出部的第一次反击,Yelnya: First Counterstroke of the Salient,1941-08-30,俄罗斯叶利尼亚突出部,"Yelnya Salient, Russia",54.57N 33.40E,assault,soviet,第 24 集团军第 19 步兵师的一名突击组组长，准备把德军从叶利尼亚高地上赶出去。,assault|engineer|rifleman,德军把高地反斜面作为预备阵地，正面只放观察哨与前哨班，苏军冲上棱线时用机枪与迫击炮交叉覆盖；失守后立刻以装甲掷弹兵和两到三辆三号坦克实施反冲击，并沿林间小路埋设反步兵地雷，逼迫进攻方留在开阔坡地上。,预备队方面军第 24 集团军第 19、第 100、第 120 步兵师与第 107 坦克师部分车辆。突击组以步枪与 RGD-33 为骨干，工兵配爆破包与剪线钳；炮弹基数只够一次火力准备，冲击波次有限，伤员后送要靠担架队穿过林间小路。,forest,rain,dawn,350,6,1500,25,2,sov_mortar_82|sov_howitzer_122,,一九四一年八月三十日，预备队方面军第 24 集团军对叶利尼亚突出部发起反攻，第 19、第 100、第 120 步兵师在森林与高地之间逐段推进。德军第 10 装甲师与党卫军帝国师依托反斜面工事、地雷和铁丝网顽强抵抗，红军反复冲击九天，直到九月六日才肃清整个突出部，自己也伤亡惨重，许多连队只剩不到一半人，补充兵往往当天就上了阵地。这是战争初期少有的成功进攻，德军第一次被迫放弃阵地后撤。,本关把进攻中的负重矛盾摆上台面：爆破包重 3.2 公斤，带两包就跑不动，不带又破不开铁丝网与雷区。教学点是反斜面阵地必须靠迫击炮曲射才能压制，122mm 火力急袭每关只能申请一次，最好留着砸德军的装甲反冲击。,紧张的进行曲片段，冲锋号式的铜管被雨声压住。,,35,6,2,夺取突出部内的两处高地支撑点,3,"[{""id"":""obj1"",""text_zh"":""夺取突出部内的两处高地支撑点"",""type"":""primary"",""required"":true,""time_limit_s"":900},{""id"":""obj2"",""text_zh"":""用爆破包清除地雷与铁丝网封锁线"",""type"":""primary"",""required"":true,""time_limit_s"":600},{""id"":""obj3"",""text_zh"":""在德军反冲击下守住已夺阵地 5 分钟"",""type"":""primary"",""required"":true,""time_limit_s"":300},{""id"":""obj4"",""text_zh"":""缴获一门完好的德军反坦克炮"",""type"":""secondary"",""required"":false,""time_limit_s"":null}]","{""ger_landser_rifleman"":22,""ger_mg42_team"":4,""ger_mp40_leader"":3,""ger_pioneer"":3,""pzkpfw_iii"":2,""sdkfz_251"":1}","{""verified_events"":[""1941-08-30 第 24 集团军对叶利尼亚突出部发起攻势，9 月 6 日收复该地"",""参战部队包括第 19、第 100、第 120 步兵师，对手为德军第 10 装甲师等部""],""dramatized"":[""关卡中的具体高地编号与缴获火炮情节为虚构"",""九日战斗被压缩为一次连续的关卡流程""]}","{""xp"":1700,""weapon"":""svt40"",""class"":null}","{""era"":1941,""weight_mult"":1}",obj1,夺取突出部内的两处高地支撑点,primary,true,900,,,,obj2,用爆破包清除地雷与铁丝网封锁线,primary,true,600,obj3,在德军反冲击下守住已夺阵地 5 分钟,primary,true,300,,,,obj4,缴获一门完好的德军反坦克炮,secondary,false,,,,,,1700,svt40,,1941,1,,,,,,,,,,,,,,,,,,,,,,
6,sov_06_kiev_pocket,6,sov_barbarossa_1941,基辅口袋：向东，只剩泥和雨,Kiev Pocket: East Through Mud and Rain,1941-09-15,乌克兰基辅以东,"East of Kiev, Ukraine",50.45N 30.52E,breakthrough,soviet,第 37 集团军的一名连长，合围已经合拢，命令是丢掉重装备、向东突出去。,rifleman|engineer|medic,德军第 1 装甲集群以坦克与摩托化步兵构成内外两层封锁线，88mm 高射炮部署在制高点封锁开阔地；封锁线上铺设地雷与铁丝网，并用装甲车沿公路巡逻堵截突围人群，对泅渡点施以机枪与迫击炮火力，迫使被围部队在泥地里分散。,西南方面军第 37 集团军与第 5 集团军被围残部，另有若干筑垒地域部队与民兵。燃油耗尽，火炮缺弹，骡马比卡车更可靠；士兵泡在泥水里，很多人已经出现战壕足，口粮按半份发放，饮水靠田里的积水与井水。,river,rain,dusk,300,7,1560,23,1,sov_mortar_82|sov_smoke_screen,,一九四一年九月十五日，德军第 1 装甲集群与第 2 装甲集群在洛赫维察会师，把红军西南方面军主力合围在基辅以东，第 37 集团军与第 5 集团军的大部都陷在圈内。秋雨把道路泡成泥沼，重炮与车辆无法带走，突围部队大多弃炮东行，只能靠步行和骡马，只有少数人渡过苏拉河一线回到己方阵地。基辅在九月十九日陷落，方面军司令部大部没能脱出，被俘失踪者极多，这场合围成为战争初期最惨重的失利之一。,本关把泥泞与战壕足写进机制：在泥地里奔跑额外消耗体力，湿透的鞋袜持续降低移动效率，取暖只能靠伏特加配给，代价是瞄准抖动上升。教学点是抛弃重装备换生存，弹药与食物、水的三角权衡第一次变成硬约束，扛不动的东西就该炸掉。,阴郁的女声哼鸣与泥浆般的低频，没完没了的雨。,,42,7,2,在德军合围圈上打开一条通道,2,"[{""id"":""obj1"",""text_zh"":""在德军合围圈上打开一条通道"",""type"":""primary"",""required"":true,""time_limit_s"":900},{""id"":""obj2"",""text_zh"":""带 20 名伤员或掉队者穿过通道"",""type"":""secondary"",""required"":false,""time_limit_s"":null},{""id"":""obj3"",""text_zh"":""在天黑前渡过苏拉河支流的浅滩"",""type"":""primary"",""required"":true,""time_limit_s"":1200},{""id"":""obj4"",""text_zh"":""销毁无法带走的反坦克炮"",""type"":""secondary"",""required"":false,""time_limit_s"":null}]","{""ger_landser_rifleman"":24,""ger_mg42_team"":4,""ger_mp40_leader"":4,""pzkpfw_iii"":4,""sdkfz_251"":3,""ger_pioneer"":2,""flak36_88"":1}","{""verified_events"":[""1941-09-15 德军装甲集群在洛赫维察会师，完成对基辅以东苏军主力的合围"",""基辅于 1941-09-19 被德军占领，被围苏军损失惨重""],""dramatized"":[""关卡中 20 名伤员的门槛值与具体浅滩位置为设计虚构"",""销毁火炮与 88mm 炮封锁的情节为可玩性提炼""]}","{""xp"":1900,""weapon"":""ppsh41"",""class"":null}","{""era"":1941,""weight_mult"":0.95}",obj1,在德军合围圈上打开一条通道,primary,true,900,,,,obj2,带 20 名伤员或掉队者穿过通道,secondary,false,,obj3,在天黑前渡过苏拉河支流的浅滩,primary,true,1200,,,,obj4,销毁无法带走的反坦克炮,secondary,false,,,,,,1900,ppsh41,,1941,0.95,,,,,,,,,,,,,,,,,,,,,,
7,sov_07_vyazma_bryansk,7,sov_barbarossa_1941,维亚济马：两个口袋之间,Vyazma: Between Two Pockets,1941-10-07,俄罗斯维亚济马以西,"West of Vyazma, Russia",55.21N 34.29E,delay,soviet,第 30 集团军的一名被切断通讯的排长，台风行动下两个包围圈正在合拢，你要为身后的部队争取撤退的时间。,rifleman|scout|engineer,德军第 3 与第 4 装甲集群以钳形向维亚济马合拢，装甲侦察车在雾中沿乡道渗透寻找空隙，坦克纵队紧贴公路推进；遇到拦阻即以机枪与坦克炮压制，随后派掷弹兵在林线两侧迂回包抄，斯图卡则对暴露的拦阻阵地补刀。,西方方面军第 30、第 19、第 20 集团军被切断的部队，师与师之间只剩约两个团的实兵。通讯靠传令兵穿越雾线，弹药按班摊派，撤退队伍里混着筑垒地域工人、区党委工作人员和拖着行李的市民，谁也说不清前线究竟在哪。,forest,fog,dawn,180,7,1620,23,1,sov_mortar_82|sov_smoke_screen,,一九四一年十月二日，德军发起台风行动，第 3 与第 4 装甲集群在维亚济马方向实施钳形突击，十月七日在维亚济马附近会师，把红军西方方面军与预备队方面军的大部合围；与此同时古德里安的装甲部队在布良斯克方向形成第二个包围圈。被围红军在小股单位之间失去联络，通信与补给同时断线，一部分人向东分散突围，另一部分被留在了口袋里，突围的人往往只剩一支步枪和几发子弹。,本关是低能见度的雾战教学：视距只有 180 米，听到引擎声时对方已经太近，侦察兵的标记技能第一次变得决定性。三处拦阻阵地允许放弃一到两处来换取时间，但如果三处全部丢失就直接失败，逼迫玩家做出取舍。,单簧管与低音提琴的雾中对话，远处偶尔传来坦克的金属摩擦。,,40,7,2,在公路两侧构筑并守住 3 处拦阻阵地,3,"[{""id"":""obj1"",""text_zh"":""在公路两侧构筑并守住 3 处拦阻阵地"",""type"":""primary"",""required"":true,""time_limit_s"":900},{""id"":""obj2"",""text_zh"":""掩护 30 名撤退人员通过路口"",""type"":""primary"",""required"":true,""time_limit_s"":1200},{""id"":""obj3"",""text_zh"":""在浓雾中找回与主力失联的一个班"",""type"":""secondary"",""required"":false,""time_limit_s"":null},{""id"":""obj4"",""text_zh"":""在包围圈合拢前向东北撤退"",""type"":""primary"",""required"":true,""time_limit_s"":1380}]","{""ger_landser_rifleman"":22,""ger_mg42_team"":4,""ger_mp40_leader"":4,""pzkpfw_iii"":4,""sdkfz_251"":3,""sdkfz_222"":2,""ju87_stuka"":1}","{""verified_events"":[""1941-10-02 德军发起台风行动，10-07 在维亚济马附近完成合围"",""布良斯克方向同时形成第二个包围圈，苏军多个集团军被围""],""dramatized"":[""关卡内 30 名撤退人员的数值与找回失联班的情节为虚构"",""雾中具体渗透路线为关卡设计需要""]}","{""xp"":2100,""weapon"":null,""class"":""scout""}","{""era"":1941,""weight_mult"":0.95}",obj1,在公路两侧构筑并守住 3 处拦阻阵地,primary,true,900,,,,obj2,掩护 30 名撤退人员通过路口,primary,true,1200,obj3,在浓雾中找回与主力失联的一个班,secondary,false,,,,,obj4,在包围圈合拢前向东北撤退,primary,true,1380,,,,,2100,,scout,1941,0.95,,,,,,,,,,,,,,,,,,,,,,
8,sov_08_mozhaisk_line,8,sov_barbarossa_1941,莫扎伊斯克：莫斯科城下的壕沟,Mozhaisk Line: Last Trench Before Moscow,1941-10-18,俄罗斯莫扎伊斯克防线,"Mozhaisk Defence Line, Russia",55.51N 36.02E,defense,soviet,第 5 集团军的一名步兵，在匆忙挖出的反坦克壕与混凝土掩体后面，必须把德军挡在莫斯科公路之外。,rifleman|engineer|machine_gunner,德军装甲部队沿明斯克公路突击，工兵用爆破筒与喷火器清理混凝土掩体与铁丝网，坦克以 50mm 炮直射火力点，步兵在炮火掩护下渡河；对反坦克壕则以推土与爆破寻找缺口，并用迫击炮持续压制后方的预备阵地与渡口。,第 5 集团军第 32 步兵师、第 110 步兵师残部与波多利斯克步兵学校的学员队，另有工人营。反坦克炮数量极少且只剩几发炮弹，反坦克壕挖在冻土与泥泞上，缺炸药就用木板铁钉充数，掩体多是用枕木临时加固的土木工事。,trench,mud,day,400,7,1680,24,2,sov_mortar_82|sov_howitzer_122,,一九四一年十月中旬，红军把西方方面军的残部与后备部队沿莫扎伊斯克一线展开，组成莫斯科接近地的主要防御地带。十月十八日前后，德军装甲部队在这个方向持续施压，第 5 集团军与波多利斯克步兵学校的学员队在伊林斯科耶和小雅罗斯拉韦茨一带用反坦克壕与临时工事迟滞德军。泥泞让车辆寸步难行，双方都在冻土上抢挖掩体，冻伤的人几乎与战伤一样多。,工兵铲与野战筑城是本关主角：掩体加装沙袋有额外减伤，但挖掘吃掉的是搬运弹药与饮水的时间。教学点是反坦克壕只能拦车辆不能拦步兵，必须提前标定德军工兵的破障路线，122mm 火力要留着砸渡口与堤道口。,凝重的管风琴式和弦，泥水与铁镐敲击的节奏。,,46,7,2,守住反坦克壕沿线的主阵地 10 分钟,3,"[{""id"":""obj1"",""text_zh"":""守住反坦克壕沿线的主阵地 10 分钟"",""type"":""primary"",""required"":true,""time_limit_s"":660,""condition"":""hold_position"",""hold_time_s"":600,""radius_m"":4},{""id"":""obj2"",""text_zh"":""用爆破包炸断坦克可通行的堤道路口"",""type"":""primary"",""required"":true,""time_limit_s"":720},{""id"":""obj3"",""text_zh"":""保证明斯克公路上的渡口不被封锁"",""type"":""primary"",""required"":true,""time_limit_s"":null},{""id"":""obj4"",""text_zh"":""协助波多利斯克军校学员的拦阻阵地"",""type"":""secondary"",""required"":false,""time_limit_s"":null}]","{""ger_landser_rifleman"":26,""ger_mg42_team"":4,""ger_mp40_leader"":4,""pzkpfw_iii"":5,""sdkfz_251"":3,""ger_pioneer"":3,""ju87_stuka"":1}","{""verified_events"":[""1941 年 10 月苏军沿莫扎伊斯克防线展开防御，构成莫斯科接近地防御地带"",""波多利斯克步兵学校学员队在小雅罗斯拉韦茨—伊林斯科耶方向执行拦阻作战""],""dramatized"":[""关卡中的具体反坦克壕坐标与掩体数量为设计虚构"",""第 5 集团军所部与学员队在同一战壕并肩作战的情节为叙事压缩""]}","{""xp"":2300,""weapon"":""dp28"",""class"":""machine_gunner""}","{""era"":1941,""weight_mult"":1}",obj1,守住反坦克壕沿线的主阵地 10 分钟,primary,true,660,hold_position,600,4,obj2,用爆破包炸断坦克可通行的堤道路口,primary,true,720,obj3,保证明斯克公路上的渡口不被封锁,primary,true,,,,,obj4,协助波多利斯克军校学员的拦阻阵地,secondary,false,,,,,,2300,dp28,machine_gunner,1941,1,,,,,,,,,,,,,,,,,,,,,,
9,sov_09_tula_defense,9,sov_barbarossa_1941,图拉：拖拉机厂的街垒,Tula: Barricades at the Tractor Works,1941-10-30,俄罗斯图拉市区,"Tula, Russia",54.20N 37.62E,urban_clearing,soviet,第 50 集团军教导营的一名队员，德军装甲部队沿奥廖尔公路压向图拉，你要在厂房与木屋间逐屋清理突入的敌军。,assault|engineer|sniper,德军以坦克沿街道掩护步兵逐屋推进，工兵用喷火器与爆破筒烧毁木屋区，狙击手占据水塔与厂房高处点射指挥员；遭到反击后退入相邻院落构筑临时支撑点，并在夜间用装甲车沿城市外围巡逻，切断居民对守军的补给与支援。,第 50 集团军教导营、第 260 步兵师残部与图拉工人团。武器混杂，既有莫辛与少量 PPSh，也有工厂自制的简易燃烧瓶与改装反坦克枪；居民帮运弹药与伤员，但城市供暖与饮水全面紧张，夜里厂房里挤满冻得发抖的人。,industrial,snow,day,450,7,1560,24,2,sov_mortar_82|sov_howitzer_122,,一九四一年十月三十日，古德里安指挥的德军第 2 装甲集团军从奥廖尔方向猛攻图拉。红军第 50 集团军在工人团、民兵与市民支援下固守城市，把工人营与教导营摆在拖拉机厂和火车站一线。德军未能一举突入城区，只能转为长期围攻，图拉在严寒、弹药短缺与半包围状态下始终没有被攻下，工人团在街口用燃烧瓶和反坦克枪顶住了装甲冲击，居民把自家地窖让给伤员，一直守到反攻开始。,城市攻坚的第一课：房间清理要用手榴弹而不是硬冲，RGD-33 在室内会反弹，3.5 秒引信必须算准，否则伤到自己。教学点是狙击手与机枪位必须优先清除，否则每次推进都要付出两倍代价，同时水与食物在本关消耗速度明显加快。,手风琴与定音鼓的工业节拍，冷硬、克制、消耗感强。,,43,7,2,肃清工厂区 3 座建筑内的德军步兵,3,"[{""id"":""obj1"",""text_zh"":""肃清工厂区 3 座建筑内的德军步兵"",""type"":""primary"",""required"":true,""time_limit_s"":720},{""id"":""obj2"",""text_zh"":""守住拖拉机厂的东门不让坦克突入"",""type"":""primary"",""required"":true,""time_limit_s"":900},{""id"":""obj3"",""text_zh"":""在城市保持完整的前提下把德军逐出火车站"",""type"":""primary"",""required"":true,""time_limit_s"":1200},{""id"":""obj4"",""text_zh"":""回收工人营遗弃的反坦克枪弹药"",""type"":""secondary"",""required"":false,""time_limit_s"":null}]","{""ger_landser_rifleman"":24,""ger_mg42_team"":3,""ger_mp40_leader"":4,""ger_pioneer"":4,""pzkpfw_iii"":4,""sdkfz_251"":2,""ger_sniper"":2}","{""verified_events"":[""1941-10-30 德军第 2 装甲集团军开始进攻图拉，城市在此后长期处于半包围状态"",""图拉由第 50 集团军防守，工人团与市民参与防御工事构筑与后勤支援""],""dramatized"":[""关卡内逐屋清理的路线与建筑数量为设计虚构"",""工人营遗弃弹药的具体情节为可玩性安排""]}","{""xp"":2400,""weapon"":""rpg43"",""class"":""mortarman""}","{""era"":1941,""weight_mult"":1}",obj1,肃清工厂区 3 座建筑内的德军步兵,primary,true,720,,,,obj2,守住拖拉机厂的东门不让坦克突入,primary,true,900,obj3,在城市保持完整的前提下把德军逐出火车站,primary,true,1200,,,,obj4,回收工人营遗弃的反坦克枪弹药,secondary,false,,,,,,2400,rpg43,mortarman,1941,1,,,,,,,,,,,,,,,,,,,,,,
10,sov_10_dubosekovo,10,sov_barbarossa_1941,杜博谢科沃：二十八人的伏击,Dubosekovo: The Anti-Tank Ambush,1941-11-16,俄罗斯杜博谢科沃会让站,"Dubosekovo Siding, Russia",55.98N 36.12E,ambush,soviet,第 316 步兵师第 1075 团的一名反坦克手，趴在沃洛科拉姆斯克公路旁的雪坑里，等德军坦克进入 20 米。,anti_tank|rifleman|engineer,德军坦克沿沃洛科拉姆斯克公路成纵队推进，以车体机枪与伴随步兵清扫公路两侧的雪地与灌木，步兵在坦克后跟进巩固战果；遭伏击后先以坦克炮轰击可疑的雪堆与灌木，再派掷弹兵从铁路路基侧翼包抄，狙击手专门压制反坦克手。,第 316 步兵师第 1075 团第 4 连的反坦克组，另有第 1073 团与骑兵第 44 师在侧翼策应。阵地只是雪地里的浅坑，仅有 2 支 PTRD-41、少量手榴弹与燃烧瓶，没有一门反坦克炮，弹药按发点算，手指冻得几乎拉不开引信。,field,snow,day,700,8,1500,25,0,sov_mortar_82,,一九四一年十一月十六日，德军装甲部队沿沃洛科拉姆斯克公路进攻，红军第 316 步兵师第 1075 团在杜博谢科沃会让站附近顽强阻击。政治指导员克洛奇科夫所在的反坦克小组用反坦克枪、手榴弹与燃烧瓶同坦克群近距离厮杀，据记载当日击毁多辆坦克，全组大部分人阵亡，阵地前的雪地被履带和血迹翻得稀烂，幸存者很快被编入新的反坦克小组。该师因为战功在十一月十八日改称第 8 近卫步兵师。,本关是反坦克手榴弹的实战教学：RPG-43 只有 20 米有效距离与 75mm 穿深，必须让坦克进到射程内再起身，提前暴露就等于送死。教学点是先打履带再打侧后，严寒会延长引信操作时间，负重越高匍匐越慢，雪地伪装只在开火前有效。,低沉的男声合唱与雪原上的静默，只有履带声越来越近。,,32,5,1,在会让站前以反坦克手榴弹与燃烧瓶击毁 6 辆坦克,3,"[{""id"":""obj1"",""text_zh"":""在会让站前以反坦克手榴弹与燃烧瓶击毁 6 辆坦克"",""type"":""primary"",""required"":true,""time_limit_s"":900,""condition"":""eliminate_count"",""target_count"":6,""target_enemy_ids"":[""pzkpfw_iii""]},{""id"":""obj2"",""text_zh"":""用 PTRD-41 击穿 2 辆坦克的侧面"",""type"":""primary"",""required"":true,""time_limit_s"":720},{""id"":""obj3"",""text_zh"":""守住会让站路基阵地 5 分钟"",""type"":""primary"",""required"":true,""time_limit_s"":360,""condition"":""hold_position"",""hold_time_s"":300,""radius_m"":4},{""id"":""obj4"",""text_zh"":""把反坦克枪手从侧射位置撤回主阵地"",""type"":""secondary"",""required"":false,""time_limit_s"":null}]","{""pzkpfw_iii"":6,""ger_landser_rifleman"":20,""ger_mg42_team"":2,""ger_mp40_leader"":2,""ger_sniper"":2}","{""verified_events"":[""1941-11-16 第 316 步兵师第 1075 团在杜博谢科沃一带与德军坦克交战，克洛奇科夫的政治指导员小组几乎全部阵亡"",""第 316 步兵师于 1941-11-18 因战功改编为第 8 近卫步兵师""],""dramatized"":[""「二十八人」的具体人数与击毁坦克数字在战史研究中有争议，关卡采用广为流传的版本"",""骑兵第 44 师策应的具体时序与地点被简化""]}","{""xp"":2600,""weapon"":""rpg43"",""class"":null}","{""era"":1941,""weight_mult"":1.05}",obj1,在会让站前以反坦克手榴弹与燃烧瓶击毁 6 辆坦克,primary,true,900,eliminate_count,,,obj2,用 PTRD-41 击穿 2 辆坦克的侧面,primary,true,720,obj3,守住会让站路基阵地 5 分钟,primary,true,360,hold_position,,,obj4,把反坦克枪手从侧射位置撤回主阵地,secondary,false,,,,,,2600,rpg43,,1941,1.05,6,"[""pzkpfw_iii""]",300,4,,,,,,,,,,,,,,,,,,
11,sov_11_moscow_counter,11,sov_barbarossa_1941,莫斯科反攻：向克林方向,Moscow Counteroffensive: Toward Klin,1941-12-05,俄罗斯莫斯科西北克林方向,"Klin Axis, Northwest of Moscow, Russia",56.33N 36.71E,assault,soviet,加里宁方面军第 30 集团军的一名步兵，苏军第一次在严寒中转入反攻，你要在没膝的雪里把一个村子接一个村子拿下来。,rifleman|assault|scout,德军退守村庄，把房屋烧掉一半以制造射界，用 88mm 高射炮平射封锁公路；反冲击以三号坦克为先导，步兵搭乘半履带车跟随。严寒中德军装备严重不适应，机枪常被冻住，但仍以照明弹与迫击炮维持夜间警戒，并在村口埋设地雷。,加里宁方面军第 30 集团军与第 31 集团军、西方方面军第 20 集团军的部分兵力，另有滑雪营与骑兵。补给线拉得太长，油料与粮食靠雪橇运送，很多人没有真正的冬靴，冻伤比枪伤更多，连队人数常不足编制的一半。,village,snow,dawn,600,8,1680,24,2,sov_mortar_82|sov_howitzer_122,,一九四一年十二月五日，加里宁方面军率先转入反攻，第 30 集团军与第 31 集团军向克林和加里宁方向突击；第二天西方方面军与西南方面军也发起进攻，这是莫斯科会战由防御转向反攻的起点。气温降到零下二十度以下，红军用滑雪分队和骑兵在雪原上迂回村庄，十二月中旬收复克林，德军被迫向西退却，沿途丢弃了大量冻住的车辆和火炮，雪地上留下成排的废弃坦克。,本关是反攻节奏的第一课：从守转攻，玩家第一次要自己决定推进速度，冲太快会被村庄火力与 88mm 炮点掉。教学点是严寒持续消耗体力与食物，必须进村找热食与饮水，雪地伪装利于接敌，但开火后的热迹会暴露位置。,由低沉转明亮的小调进行曲，雪地上第一次响起进攻的鼓点。,,43,7,2,夺取公路沿线的两处村庄,3,"[{""id"":""obj1"",""text_zh"":""夺取公路沿线的两处村庄"",""type"":""primary"",""required"":true,""time_limit_s"":900},{""id"":""obj2"",""text_zh"":""在雪原上击退德军装甲反冲击"",""type"":""primary"",""required"":true,""time_limit_s"":600},{""id"":""obj3"",""text_zh"":""保持至少一个滑雪分队的机动能力"",""type"":""secondary"",""required"":false,""time_limit_s"":null},{""id"":""obj4"",""text_zh"":""推进到克林—莫斯科公路并建立拦阻阵地"",""type"":""primary"",""required"":true,""time_limit_s"":1500}]","{""ger_landser_rifleman"":26,""ger_mg42_team"":4,""ger_mp40_leader"":4,""pzkpfw_iii"":3,""sdkfz_251"":3,""ger_pioneer"":2,""flak36_88"":1}","{""verified_events"":[""1941-12-05 加里宁方面军发起反攻，随后西方方面军于 12-06 转入进攻"",""第 30 集团军向克林方向作战，克林于 12 月中旬被苏军收复""],""dramatized"":[""关卡中「两处村庄」的具体地名与滑雪分队编制为设计虚构"",""88mm 炮平射封锁公路的部署数量被压缩""]}","{""xp"":2800,""weapon"":""pps43"",""class"":null}","{""era"":1942,""weight_mult"":1}",obj1,夺取公路沿线的两处村庄,primary,true,900,,,,obj2,在雪原上击退德军装甲反冲击,primary,true,600,obj3,保持至少一个滑雪分队的机动能力,secondary,false,,,,,obj4,推进到克林—莫斯科公路并建立拦阻阵地,primary,true,1500,,,,,2800,pps43,,1942,1,,,,,,,,,,,,,,,,,,,,,,
12,sov_12_rzhev_vyazma,12,sov_barbarossa_1941,勒热夫：雪原上的冬季攻势,Rzhev: Winter Offensive in the Snow,1942-01-08,俄罗斯勒热夫以西,"West of Rzhev, Russia",56.26N 34.33E,siege,soviet,加里宁方面军的一名老兵，1942 年 1 月投入勒热夫—维亚济马攻势，在冻硬的雪地上向德军支撑点持续施压。,rifleman|machine_gunner|engineer,德军依托勒热夫外围村庄与高地构筑环形支撑点，反坦克炮埋伏在村口与公路转弯处，机枪组沿交通壕机动；苏军炮火准备一停即以装甲车与步兵实施反冲击，并用雪堆改造房屋形成射界，夜里用照明弹维持前沿监视，冻硬的土层让挖壕极其困难。,加里宁方面军第 29 集团军与第 39 集团军部分兵力，从莫斯科反攻起连续作战至今未获整补。雪橇运来的口粮与饮水常在半路消耗殆尽，炮弹限量，士兵在零下三十度的雪坑里轮班取暖，冻伤与战壕足同时蔓延，师属炮兵一天只能打几个齐射。,village,snow,day,500,9,1800,23,3,sov_mortar_82|sov_howitzer_122|sov_guards_rifle_reinforcement,,一九四二年一月八日，红军加里宁方面军与西方方面军发起勒热夫—维亚济马攻势，第 29 集团军与第 39 集团军由勒热夫以西向德军中央集团军群的防线突击。严寒、补给中断加上德军支撑点的交叉火网，使进攻代价极其沉重，部分突入的部队随后被切断包围。攻势拖延数月之久，双方在雪原上反复争夺同一片高地，勒热夫突出部直到一九四三年三月才被德军主动放弃。,收官关把负重、食物与水的压力推到极点：雪橇补给点一旦被火力压制，全队体力与饮水就开始崩塌，进攻与保水第一次互相冲突。教学点是支撑点必须先用 122mm 火力削掉机枪位与 pak40，再由工兵爆破，正面强攻只会把整个连耗在雪地里。,悲怆的合唱与长号，像在雪原上一步一步往前挪的呼吸。,,52,7,3,夺取德军在村外的两处永备支撑点,3,"[{""id"":""obj1"",""text_zh"":""夺取德军在村外的两处永备支撑点"",""type"":""primary"",""required"":true,""time_limit_s"":1080},{""id"":""obj2"",""text_zh"":""在雪原上建立并守住补给点，保证进攻分队有水有弹"",""type"":""primary"",""required"":true,""time_limit_s"":null},{""id"":""obj3"",""text_zh"":""切断支撑点之间的交通壕联系"",""type"":""secondary"",""required"":false,""time_limit_s"":null},{""id"":""obj4"",""text_zh"":""在德军装甲反冲击中守住已夺房屋"",""type"":""primary"",""required"":true,""time_limit_s"":900}]","{""ger_landser_rifleman"":30,""ger_mg42_team"":5,""ger_mp40_leader"":4,""ger_pioneer"":4,""pzkpfw_iii"":4,""sdkfz_251"":3,""flak36_88"":2}","{""verified_events"":[""1942-01-08 苏军发起勒热夫—维亚济马攻势，加里宁方面军第 29 集团军等部参战"",""进攻陷入长期消耗，勒热夫突出部至 1943 年 3 月才被德军放弃""],""dramatized"":[""关卡中的两处支撑点与补给点位置为设计虚构"",""第 39 集团军被切断的具体时序被简化""]}","{""xp"":3000,""weapon"":""soviet_sapper_kit"",""class"":null}","{""era"":1942,""weight_mult"":1}",obj1,夺取德军在村外的两处永备支撑点,primary,true,1080,,,,obj2,在雪原上建立并守住补给点，保证进攻分队有水有弹,primary,true,,obj3,切断支撑点之间的交通壕联系,secondary,false,,,,,obj4,在德军装甲反冲击中守住已夺房屋,primary,true,900,,,,,3000,soviet_sapper_kit,,1942,1,,,,,,,,,,,,,,,,,,,,,,
13,sov_13_barvenkovo_pocket,1,sov_stalingrad_1942,巴尔文科沃的合围,Encirclement at Barvenkovo,1942-05-12,巴尔文科沃,Barvenkovo,48.91N 37.02E,delay,soviet,西南方面军第 6 集团军的一名步兵班长，在德军装甲楔形合拢后带残部向东突围。,rifleman|assault,德军以三号坦克沿公路快速楔入，车体机枪封锁麦田与沟壑，掷弹兵下车后成散兵线清剿。MG42 机枪组架在拖拉机和村舍屋顶形成交叉火网；先头坦克遭到反坦克枪射击会立刻转向碾击，工兵用火焰喷射器烧毁灌木丛，逼迫苏军残部离开掩体。,西南方面军第 6 集团军第 47 步兵师的一个混编连，另有第 57 集团军炮兵残部与十余名伤员。全连不足 70 人，两挺马克沁机枪只剩半个弹药基数，没有反坦克炮，只有反坦克枪与燃烧瓶。,field,mud,dawn,300,5,900,24,1,sov_mortar_82|sov_smoke_screen,,1942 年 5 月 12 日，铁木辛哥指挥西南方面军从巴尔文科沃突出部发起哈尔科夫进攻，起初推进 20 至 40 公里。5 月 17 日，克莱斯特第 1 装甲集团军从南面发起「腓特烈一世」反攻，第 14 与第 16 装甲师于 5 月 22 日在突出部根部封闭合围口。圈内的苏军第 6 集团军、第 57 集团军与博布金集群被切断，5 月 29 日突围基本结束，苏军损失约 27 万人。本关描写合围圈东侧一支残部在泥泞草原上向东渗透的一天。,本关教学「脱离接触」：装甲楔形一旦合拢，正面硬拼必死。玩家要用发烟手榴弹切断坦克观察视线，沿沟壑与麦田分段跃进，并学会在弹药低于三分之一时主动放弃阵地。失败条件是团部与伤员被歼灭，而不是全员阵亡。,低沉的弦乐叠着远处履带声，压抑、疲惫而急促,,26,6,2,掩护团部与伤员沿东侧土路撤出包围圈,2,"[{""id"":""obj1"",""text_zh"":""掩护团部与伤员沿东侧土路撤出包围圈"",""type"":""primary"",""required"":true,""time_limit_s"":900},{""id"":""obj2"",""text_zh"":""在公路拐弯处设伏，击毁或瘫痪两辆德军装甲车辆"",""type"":""primary"",""required"":true,""time_limit_s"":null,""condition"":""eliminate_count"",""target_count"":2,""target_enemy_ids"":[""pzkpfw_iii"",""pzkpfw_iv_f2""]},{""id"":""obj3"",""text_zh"":""投掷发烟手榴弹穿越开阔麦田，全队减员不超过一半"",""type"":""secondary"",""required"":false,""time_limit_s"":null}]","{""ger_landser_rifleman"":14,""ger_mp40_leader"":3,""ger_mg42_team"":3,""pzkpfw_iii"":3,""pzkpfw_iv_f2"":1,""ger_pioneer"":2}","{""verified_events"":[""1942 年 5 月 12 日西南方面军由巴尔文科沃突出部发起哈尔科夫进攻"",""5 月 17 日克莱斯特第 1 装甲集团军反攻，5 月 22 日封闭合围口"",""苏军第 6、第 57 集团军与博布金集群在突出部内被围歼，损失约 27 万人""],""dramatized"":[""玩家所在残部从装甲楔形间隙中渗透突围的具体路线"",""个别四号 F2 型坦克出现在本方向的时间点做了提前处理""]}","{""xp"":900,""weapon"":""ppsh41"",""class"":null}","{""era"":1942,""weight_mult"":1}",obj1,掩护团部与伤员沿东侧土路撤出包围圈,primary,true,900,,,,obj2,在公路拐弯处设伏，击毁或瘫痪两辆德军装甲车辆,primary,true,,obj3,投掷发烟手榴弹穿越开阔麦田，全队减员不超过一半,secondary,false,,,,,,,,,,,,,,900,ppsh41,,1942,1,,,,,eliminate_count,2,"[""pzkpfw_iii"",""pzkpfw_iv_f2""]",,,,,,,,,,,,,,,
14,sov_14_don_bend,2,sov_stalingrad_1942,顿河大弯曲部防线,The Don Bend Line,1942-07-23,克列茨卡亚,Kletskaya,49.30N 43.05E,defense,soviet,新组建的第 62 集团军步兵团的一名班长，在顿河右岸堑壕里挡住德军装甲矛头。,assault|machine_gunner|engineer,德军先以十分钟炮火准备犁平第一道壕，再由三号坦克与三号突击炮贴着向日葵地推进，半履带车把掷弹兵送到侧面。MG42 从两翼高地的反斜面持续压制，突击炮专打暴露的机枪位；一旦苏军退入第二道壕，工兵会携带喷火器沿交通壕逐个清理掩体。,第 62 集团军第 192 步兵师的一个营，配属第 115 反坦克营两门 45mm 炮与一个反坦克枪班。全营约 300 人，刚在草原上构筑了三道堑壕，缺乏铁丝网与地雷，炮火支援只有一个 82mm 迫击炮连。,trench,clear,day,800,6,1200,25,2,sov_mortar_82|sov_howitzer_122|sov_guards_rifle_reinforcement,,1942 年 7 月 23 日，保卢斯的第 6 集团军以第 14 装甲军与第 8 军向顿河大弯曲部发起进攻，这是「蓝色行动」转向斯大林格勒后的第一阶段。刚组建的第 62 集团军（科尔帕克奇）与第 64 集团军（崔可夫）在克列茨卡亚至苏罗维基诺一线仓促设防，缺乏反坦克炮和纵深工事，只能靠干涸河床、向日葵地与反坦克壕逐次迟滞。7 月 26 日德军装甲军前出到顿河，8 月初苏军退过顿河。本关描写第 62 集团军一个步兵团在克列茨卡亚桥头堡外围守住三道堑壕的一天。,本关教学「纵深堑壕与反坦克支撑点」：三道堑壕相距 80 米，玩家必须在炮火准备结束后抢先回到第一道壕，用反坦克枪侧射三号坦克，并把 MG42 的压制交给 82mm 迫击炮处理。三道壕全部失守即失败，退到第三道壕时增援才会到场。,干燥的鼓点与定音鼓滚奏，像炮火准备一步步逼近,,35,7,3,守住第一道堑壕，阻止德军步兵突入炮兵观察所,2,"[{""id"":""obj1"",""text_zh"":""守住第一道堑壕，阻止德军步兵突入炮兵观察所"",""type"":""primary"",""required"":true,""time_limit_s"":600},{""id"":""obj2"",""text_zh"":""用反坦克枪或集束手榴弹在河床前瘫痪一辆坦克"",""type"":""primary"",""required"":true,""time_limit_s"":null,""condition"":""eliminate_count"",""target_count"":1,""target_enemy_ids"":[""pzkpfw_iii"",""stug_iii_g""]},{""id"":""obj3"",""text_zh"":""把被压制的机枪组从第一道壕撤到第二道壕重新架设"",""type"":""secondary"",""required"":false,""time_limit_s"":null},{""id"":""obj4"",""text_zh"":""在德军炮火准备期间保全至少一半弹药基数"",""type"":""secondary"",""required"":false,""time_limit_s"":null}]","{""ger_landser_rifleman"":18,""ger_mp40_leader"":4,""ger_mg42_team"":4,""ger_pioneer"":2,""pzkpfw_iii"":3,""stug_iii_g"":2,""sdkfz_251"":2}","{""verified_events"":[""1942 年 7 月 23 日德军第 6 集团军在顿河大弯曲部发起进攻"",""第 62 集团军由科尔帕克奇指挥、第 64 集团军由崔可夫指挥，均在 1942 年 7 月组建"",""7 月 26 日德军装甲部队前出至顿河一线""],""dramatized"":[""本方阵地上 45mm 反坦克炮的具体数量与部署位置"",""玩家所在营在桥头堡外围的确切番号与坚守天数""]}","{""xp"":1000,""weapon"":null,""class"":""machine_gunner""}","{""era"":1942,""weight_mult"":0.95}",obj1,守住第一道堑壕，阻止德军步兵突入炮兵观察所,primary,true,600,,,,obj2,用反坦克枪或集束手榴弹在河床前瘫痪一辆坦克,primary,true,,obj3,把被压制的机枪组从第一道壕撤到第二道壕重新架设,secondary,false,,,,,obj4,在德军炮火准备期间保全至少一半弹药基数,secondary,false,,,,,,1000,,machine_gunner,1942,0.95,,,,,eliminate_count,1,"[""pzkpfw_iii"",""stug_iii_g""]",,,,,,,,,,,,,,,
15,sov_15_volga_crossing,3,sov_stalingrad_1942,八月二十三日的伏尔加,"The Volga, 23 August",1942-08-23,斯大林格勒伏尔加河渡口,"Volga Ferry Crossing, Stalingrad",48.72N 44.53E,river_crossing,soviet,第 62 集团军补充团的一名士兵，在燃烧的河面上随驳船强渡伏尔加河进入市区。,assault|engineer|sniper,德军白天以 Ju 87 编队对渡口和河面反复俯冲，250 公斤炸弹的落点会掀翻驳船；Bf 109 低空扫射落水人员。河岸高地上的 MG42 与 88mm 高射炮平射封锁栈桥，装甲侦察车沿河岸公路机动，专门打击刚上岸还未展开的苏军分队。,第 62 集团军渡河指挥部组织的补充兵船队，包括第 13 近卫步兵师的一个先遣营与工兵摆渡班。可用船只有驳船、渔舟和一条拖船，没有护航火力，东岸仅有一个步兵连控制着栈桥与两座仓库。,river,clear,night,350,6,900,22,0,sov_smoke_screen|sov_mortar_82|sov_il2_strafe,,1942 年 8 月 23 日，德军第 16 装甲师在第 14 装甲军编成内推进到雷诺克附近的伏尔加河岸，把斯大林格勒与城北苏军切成两段。同一天，德国空军第 4 航空队出动约 1600 架次，向市区投下数千吨炸弹，伏尔加河油库燃烧，河面被火焰与浓烟覆盖，市内木屋区几乎被夷平。当夜起，第 62 集团军的补充兵与第 13 近卫步兵师等部冒着俯冲轰炸与机枪扫射，用小艇、驳船和渡轮强渡伏尔加河进入市区。本关描写渡口船队在斯图卡尖啸声中抢渡的一夜。,本关教学「船载补给与夜间渡河」：在摇晃的驳船上长枪精度归零，落水会丢失全部重装备与电台。每被击沉一艘船，后续关卡的初始补给基数下降。守住码头栈桥并且让至少两艘船靠岸，是唯一的胜利条件。,燃烧的低音提琴与远处斯图卡尖啸，水声与引擎声交错,,33,7,3,在斯图卡俯冲间隙把驳船撑到东岸栈桥并下船,2,"[{""id"":""obj1"",""text_zh"":""在斯图卡俯冲间隙把驳船撑到东岸栈桥并下船"",""type"":""primary"",""required"":true,""time_limit_s"":480},{""id"":""obj2"",""text_zh"":""抢占并守住栈桥两侧的仓库，掩护后续渡船靠岸"",""type"":""primary"",""required"":true,""time_limit_s"":null},{""id"":""obj3"",""text_zh"":""用发烟弹幕遮蔽河面至少一次，减少船只损失"",""type"":""secondary"",""required"":false,""time_limit_s"":null},{""id"":""obj4"",""text_zh"":""保住电台与弹药箱，不在落水时丢弃重装备"",""type"":""secondary"",""required"":false,""time_limit_s"":null}]","{""ger_landser_rifleman"":16,""ger_mp40_leader"":3,""ger_mg42_team"":4,""bf109_f"":3,""ju87_stuka"":3,""flak36_88"":2,""sdkfz_222"":2}","{""verified_events"":[""1942 年 8 月 23 日德军第 16 装甲师突至雷诺克附近伏尔加河岸，切断城市与北部联系"",""同日德国空军第 4 航空队对斯大林格勒实施大规模轰炸，油库燃烧"",""第 62 集团军部队自 8 月 23 日夜起以小艇和渡轮不断强渡伏尔加河""],""dramatized"":[""玩家所在驳船的具体航次与船名"",""船队遭 Ju 87 直接命中的次数与个体细节""]}","{""xp"":1100,""weapon"":""svt40"",""class"":null}","{""era"":1942,""weight_mult"":1}",obj1,在斯图卡俯冲间隙把驳船撑到东岸栈桥并下船,primary,true,480,,,,obj2,抢占并守住栈桥两侧的仓库，掩护后续渡船靠岸,primary,true,,obj3,用发烟弹幕遮蔽河面至少一次，减少船只损失,secondary,false,,,,,obj4,保住电台与弹药箱，不在落水时丢弃重装备,secondary,false,,,,,,1100,svt40,,1942,1,,,,,,,,,,,,,,,,,,,,,,
16,sov_16_tractor_factory,4,sov_stalingrad_1942,拖拉机厂的血战,The Tractor Factory,1942-10-14,捷尔任斯基拖拉机厂,Dzerzhinsky Tractor Factory,48.80N 44.61E,urban_clearing,soviet,第 37 近卫步兵师的一名突击组长，在装配车间的钢梁与地沟之间逐段夺回厂房。,assault|engineer|machine_gunner,德军以工兵为矛头，用炸药包和喷火器沿车间中轴线推进，MG42 架在天车梁上向下扫射，狙击手封锁厂区开阔地。四号坦克与突击炮从厂门外直射车间大门，虎式坦克停在 800 米外的土堤上专打任何冒头的火力点；一旦苏军退向锅炉房，德军会立刻布雷封门。,第 37 近卫步兵师第 118 近卫步兵团与第 95 步兵师各一个营，另有拖拉机厂民兵工人队和坦克修理营。全团只剩两门 45mm 炮，反坦克手段以反坦克枪、集束手榴弹和燃烧瓶为主，尚有五辆刚下线未喷漆的 T-34。,industrial,rain,dawn,250,8,1500,26,1,sov_mortar_82|sov_smoke_screen|engineer_assault_group,sov_tank_t34_76,1942 年 10 月 14 日，保卢斯集中第 14 装甲师、第 305 步兵师与第 389 步兵师，在五个工兵营和密集航空火力支援下猛攻捷尔任斯基拖拉机厂。若卢杰夫的第 37 近卫步兵师与第 95 步兵师的部队在厂房、装配线和锅炉房内逐屋抵抗，第 1243 步兵团一个连在车间里战至最后一人。德军一部当日突到伏尔加河岸，把第 62 集团军切成两段。拖拉机厂的工人在炮火中把刚下线、来不及喷漆的 T-34 直接开出厂门投入战斗。,本关教学「车间立体交火」：厂房分地面、天车平台与地下管道三层，手榴弹撞到钢梁会反弹回掷，必须先封锁头顶再推进。德军占领锅炉房并切断厂区通往河岸的通道即失败；炸药包是唯一能打通隔墙的手段。,金属回响与工业噪音，齿轮般的节奏里夹着火焰喷射器的嘶声,,41,8,3,肃清一号装配车间地面层并建立立足点,3,"[{""id"":""obj1"",""text_zh"":""肃清一号装配车间地面层并建立立足点"",""type"":""primary"",""required"":true,""time_limit_s"":null},{""id"":""obj2"",""text_zh"":""用炸药包炸开被封闭的车间隔墙，打通内部通道"",""type"":""primary"",""required"":true,""time_limit_s"":900},{""id"":""obj3"",""text_zh"":""控制天车平台，压制从头顶投弹的德军"",""type"":""secondary"",""required"":false,""time_limit_s"":null},{""id"":""obj4"",""text_zh"":""保住锅炉房，不让德军切断厂区与河岸的联系"",""type"":""primary"",""required"":true,""time_limit_s"":null}]","{""ger_landser_rifleman"":20,""ger_mp40_leader"":5,""ger_mg42_team"":5,""ger_pioneer"":4,""ger_sniper"":2,""pzkpfw_iv_f2"":2,""pzkpfw_vi_tiger"":1,""stug_iii_g"":2}","{""verified_events"":[""1942 年 10 月 14 日德军集中第 14 装甲师、第 305 与第 389 步兵师猛攻拖拉机厂"",""第 37 近卫步兵师（若卢杰夫）与第 95 步兵师在厂区逐屋抵抗"",""德军突至伏尔加河岸，把第 62 集团军阵地切成两段""],""dramatized"":[""虎式重型坦克在厂区外土堤上定点支援的具体安排"",""未喷漆 T-34 由工人直接开出厂门参战的个体场景""]}","{""xp"":1300,""weapon"":""roks2"",""class"":""engineer""}","{""era"":1942,""weight_mult"":1.1}",obj1,肃清一号装配车间地面层并建立立足点,primary,true,,,,,obj2,用炸药包炸开被封闭的车间隔墙，打通内部通道,primary,true,900,obj3,控制天车平台，压制从头顶投弹的德军,secondary,false,,,,,obj4,保住锅炉房，不让德军切断厂区与河岸的联系,primary,true,,,,,,1300,roks2,engineer,1942,1.1,,,,,,,,,,,,,,,,,,,,,,
17,sov_17_barrikady_red_october,5,sov_stalingrad_1942,街垒厂与红十月厂,Barrikady and Red October,1942-11-11,街垒工厂厂区,Barrikady Gun Factory,48.78N 44.57E,siege,soviet,第 95 步兵师的一名老兵，在烟囱与废钢堆之间反复易手每一段车间。,assault|engineer|sniper,德军以突击炮贴墙推进，用 88mm 炮平射穿墙，工兵在烟尘掩护下安放炸药包。MG42 占据废钢堆与铁道车皮，狙击手藏在烟囱残体上专打移动目标；每次占领一段车间就立即用铁丝网和地雷封住反冲击通道。,第 95 步兵师（戈里亚乔夫）与第 45 步兵师各一个混编营，加上第 138 步兵师送来的一个连。全营约 240 人，一半装备 PPSh-41，其余是莫辛纳甘与缴获步枪，另有 6 支反坦克枪和十几具 ROKS-2 喷火器。,industrial,fog,day,180,8,1500,26,1,sov_mortar_82|sov_howitzer_122|sov_guards_rifle_reinforcement|engineer_assault_group,,1942 年 11 月 11 日，德军以第 305、第 389、第 79 步兵师和第 14、第 24 装甲师发起对「街垒」厂与「红十月」厂的最后一次总攻。第 95 步兵师（戈里亚乔夫）与第 45 步兵师在锅炉房、烟囱基座和废钢堆之间反复易手每一段车间，德军第 305 步兵师在街垒厂内几乎被消耗殆尽。到 11 月中旬，德军始终未能把苏军赶过伏尔加河，第 62 集团军控制的河岸阵地最窄处不足一公里。,本关教学「三向接触的废墟战」：烟尘让小地图失效，敌我距离常在 15 米以内，玩家要靠脚步声与弹鼓余量判断推进节奏，并用定向爆破打通墙洞，而不要走被机枪封锁的大街。锅炉房失守即判负。,持续的定音鼓与金属摩擦声，压抑到几乎听不见旋律,,46,8,4,守住锅炉房外墙，阻止德军沿铁道突入厂区中部,2,"[{""id"":""obj1"",""text_zh"":""守住锅炉房外墙，阻止德军沿铁道突入厂区中部"",""type"":""primary"",""required"":true,""time_limit_s"":780},{""id"":""obj2"",""text_zh"":""夺回被占领的烟囱基座并建立观察哨"",""type"":""primary"",""required"":true,""time_limit_s"":null},{""id"":""obj3"",""text_zh"":""用定向爆破打通两座车间之间的墙洞，绕开机枪封锁的大街"",""type"":""secondary"",""required"":false,""time_limit_s"":null},{""id"":""obj4"",""text_zh"":""把伤员沿伏尔加河岸的后送壕送到渡口"",""type"":""secondary"",""required"":false,""time_limit_s"":null}]","{""ger_landser_rifleman"":20,""ger_mp40_leader"":5,""ger_mg42_team"":6,""ger_pioneer"":5,""ger_sniper"":3,""stug_iii_g"":3,""flak36_88"":2,""pzkpfw_iv_f2"":2}","{""verified_events"":[""1942 年 11 月 11 日德军对街垒厂与红十月厂发动十一月总攻"",""第 95 步兵师师长戈里亚乔夫在厂区战斗中阵亡"",""第 62 集团军被压缩至伏尔加河岸的狭窄阵地，但始终未被赶下河""],""dramatized"":[""玩家所在混编营的临时编成与指挥关系"",""厂区内每一段车间的具体易手时间""]}","{""xp"":1300,""weapon"":""dp28"",""class"":null}","{""era"":1942,""weight_mult"":1.1}",obj1,守住锅炉房外墙，阻止德军沿铁道突入厂区中部,primary,true,780,,,,obj2,夺回被占领的烟囱基座并建立观察哨,primary,true,,obj3,用定向爆破打通两座车间之间的墙洞，绕开机枪封锁的大街,secondary,false,,,,,obj4,把伤员沿伏尔加河岸的后送壕送到渡口,secondary,false,,,,,,1300,dp28,,1942,1.1,,,,,,,,,,,,,,,,,,,,,,
18,sov_18_pavlov_house,6,sov_stalingrad_1942,巴甫洛夫大楼,Pavlov's House,1942-09-27,一月九日广场,9 January Square,48.72N 44.52E,defense,soviet,第 13 近卫步兵师第 42 团的一名组长，带四人小组死守广场旁的四层公寓楼。,machine_gunner|assault|sniper,德军先用突击炮抵近直射楼体，再以工兵携带炸药包与喷火器冲击一层窗口，步兵从广场对面废墟逐段跃进。狙击手占据水塔与街垒残骸，专门猎杀楼内的观察员；夜间则用机枪封锁楼后壕沟，切断城内与渡口的联系。,第 13 近卫步兵师第 42 团第 7 连的一个排，由帕夫洛夫中士指挥，共二十余人，来自俄罗斯、乌克兰、格鲁吉亚与乌兹别克等民族。装备两挺 DP-27、数支 PPSh-41、三支反坦克枪和大量 F-1 手榴弹，补给靠楼后壕沟运送。,city,clear,day,200,7,1200,24,0,sov_mortar_82|sov_smoke_screen,,1942 年 9 月 27 日，第 13 近卫步兵师第 42 团团长叶林下令，由帕夫洛夫中士率第 7 连的一个排夺取一月九日广场旁的四层公寓楼。此后近两个月，帕夫洛夫、阿法纳西耶夫、切尔诺夫等约二十余名来自多个民族的战士在此坚守，楼内地下室堆满反坦克枪与手榴弹，德军以坦克直射、工兵爆破和火焰喷射器轮番攻击仍未能占领。这座楼后来被称为巴甫洛夫大楼，守军直到 11 月 25 日才随反攻撤出。,本关教学「小队固守与楼层分工」：地下室埋伏反坦克枪、一层封锁街口、二三层压制狙击手，任何一层被突破都会让整栋楼失守。补给只能靠楼后壕沟用绳索运送，补给壕被炮火切断后必须靠备用口粮撑过最后五分钟。,稀疏的钢琴单音与远处手榴弹爆炸，克制的悲壮感,,25,7,2,守住一层与地下室，不让德军突入楼梯间,3,"[{""id"":""obj1"",""text_zh"":""守住一层与地下室，不让德军突入楼梯间"",""type"":""primary"",""required"":true,""time_limit_s"":1200},{""id"":""obj2"",""text_zh"":""在二、三层设置狙击位，压制广场对面的德军狙击手"",""type"":""primary"",""required"":true,""time_limit_s"":null},{""id"":""obj3"",""text_zh"":""保持通往伏尔加河方向的补给壕畅通"",""type"":""primary"",""required"":true,""time_limit_s"":null},{""id"":""obj4"",""text_zh"":""用反坦克枪击穿逼近楼体的突击炮侧面"",""type"":""secondary"",""required"":false,""time_limit_s"":null}]","{""ger_landser_rifleman"":14,""ger_mp40_leader"":3,""ger_mg42_team"":2,""ger_pioneer"":2,""ger_sniper"":2,""stug_iii_g"":1,""pzkpfw_iv_f2"":1}","{""verified_events"":[""1942 年 9 月 27 日第 13 近卫步兵师第 42 团的一个排占领一月九日广场旁公寓楼"",""守军由帕夫洛夫中士指挥，成员来自多个民族，坚守近两个月"",""德军以坦克直射、工兵爆破与火焰喷射器反复攻击仍未攻占该楼""],""dramatized"":[""楼内四人小组的具体分工与楼层配置"",""补给壕被炮火切断的时长与细节""]}","{""xp"":1400,""weapon"":null,""class"":""sniper""}","{""era"":1942,""weight_mult"":1.05}",obj1,守住一层与地下室，不让德军突入楼梯间,primary,true,1200,,,,obj2,在二、三层设置狙击位，压制广场对面的德军狙击手,primary,true,,obj3,保持通往伏尔加河方向的补给壕畅通,primary,true,,,,,obj4,用反坦克枪击穿逼近楼体的突击炮侧面,secondary,false,,,,,,1400,,sniper,1942,1.05,,,,,,,,,,,,,,,,,,,,,,
19,sov_19_lyudnikov_island,7,sov_stalingrad_1942,柳德尼科夫岛,Lyudnikov Island,1942-11-11,街垒厂以北的伏尔加河岸桥头堡,Bridgehead North of the Barrikady,48.79N 44.56E,siege,soviet,第 138 步兵师的一名排长，在三面被围、背后是伏尔加河的桥头堡里组织环形防御。,assault|engineer|sniper,德军从三面高地上的废墟用 MG42 与迫击炮持续压制，用突击炮贴近河岸直射壕沟，工兵趁夜投掷集束手榴弹并剪断苏军铁丝网。半履带车在白天把突击组送到缺口处发起短促冲击，一旦苏军弹药见底就加大迫击炮火力，逼守军在冰面上暴露。,第 138 步兵师（柳德尼科夫上校）残部约 400 人，另有第 95 步兵师的一个连和工兵渡河班。阵地纵深不足 500 米，弹药、面包和饮用水全靠夜间小船与冰面运送，伤员无法后送，全师仅剩四门 45mm 炮。,river,rain,night,150,8,1200,23,0,sov_mortar_82|sov_smoke_screen|sov_guards_rifle_reinforcement,,1942 年 11 月 11 日德军总攻之后，第 138 步兵师师长柳德尼科夫上校率残部被困在街垒厂以北、伏尔加河岸边一块约 700 米乘 400 米的桥头堡内，三面被德军包围，唯一的退路是背后结冰的伏尔加河。守军在冻土上挖出壕沟，弹药、面包和饮用水全靠夜间小船与冰面运送，重伤员无法后送。这块阵地被苏军称为柳德尼科夫岛，一直坚守到 1943 年 1 月反攻开始，是城内最后一个被围的桥头堡。,本关教学「水域补给与冻土工事」：伏尔加河既是敌人也是补给线，小船靠岸前必须严格节约弹药；冻土无法正常挖掘，工兵构筑壕沟的时间翻倍，只能用冰块与废钢堆掩体。阵地纵深被压缩到 100 米以内即判负。,冰冷的低音持续音与风声，偶尔插入远处河面的船桨声,,34,7,3,沿冻土构筑环形壕沟，封住桥头堡唯一的陆上缺口,2,"[{""id"":""obj1"",""text_zh"":""沿冻土构筑环形壕沟，封住桥头堡唯一的陆上缺口"",""type"":""primary"",""required"":true,""time_limit_s"":600},{""id"":""obj2"",""text_zh"":""在夜间接应至少一波伏尔加河运补小船靠岸"",""type"":""primary"",""required"":true,""time_limit_s"":null},{""id"":""obj3"",""text_zh"":""用缴获的 MG42 建立固定火力点压制德军迫击炮观察哨"",""type"":""secondary"",""required"":false,""time_limit_s"":null},{""id"":""obj4"",""text_zh"":""把重伤员沿河岸冰面转移出去"",""type"":""secondary"",""required"":false,""time_limit_s"":null}]","{""ger_landser_rifleman"":16,""ger_mp40_leader"":4,""ger_mg42_team"":5,""ger_pioneer"":4,""ger_sniper"":2,""stug_iii_g"":2,""sdkfz_251"":1}","{""verified_events"":[""第 138 步兵师在柳德尼科夫上校指挥下于街垒厂以北河岸坚守桥头堡"",""该阵地在 1942 年 11 月后三面被围，补给依靠伏尔加河夜间运输"",""桥头堡坚持到 1943 年 1 月苏军反攻开始""],""dramatized"":[""运补小船靠岸的具体航次与夜间时间表"",""冻土壕沟的构筑速度与工兵作业细节""]}","{""xp"":1400,""weapon"":""ptrds41"",""class"":null}","{""era"":1942,""weight_mult"":1.1}",obj1,沿冻土构筑环形壕沟，封住桥头堡唯一的陆上缺口,primary,true,600,,,,obj2,在夜间接应至少一波伏尔加河运补小船靠岸,primary,true,,obj3,用缴获的 MG42 建立固定火力点压制德军迫击炮观察哨,secondary,false,,,,,obj4,把重伤员沿河岸冰面转移出去,secondary,false,,,,,,1400,ptrds41,,1942,1.1,,,,,,,,,,,,,,,,,,,,,,
20,sov_20_operation_uranus,8,sov_stalingrad_1942,天王星行动：合围,Operation Uranus: The Breakthrough,1942-11-19,克列茨卡亚桥头堡,Kletskaya Bridgehead,49.31N 43.06E,breakthrough,soviet,第 21 集团军的一名突击班长，跟随 T-34 沿炮火弹幕撕开罗马尼亚军防线。,assault|engineer|machine_gunner,罗马尼亚第 3 集团军的防线正面以步枪与捷克造机枪为主，缺乏反坦克炮，前沿只靠三道铁丝网与浅壕。德军顾问在后面布置 Pak 40 与三号坦克作为骨干，一旦前沿被突破就用车载机枪与半履带车反击；浓雾中他们靠炮声判断方向，用拦阻射击封锁突破口两侧。,西南方面军第 5 坦克集团军与顿河方面军第 21 集团军的突击集群，配属第 1 近卫机械化军与两个 T-34 坦克营，另有第 8 骑兵军跟进。步兵营满编 400 余人，几乎人手一支 PPSh-41，弹药基数充足，炮火支援由 122mm 榴弹炮群提供。,field,snow,dawn,400,7,1200,25,2,sov_howitzer_122|sov_katyusha|sov_tank_t34_76|sov_smoke_screen,sov_tank_t34_76,1942 年 11 月 19 日清晨，瓦图京的西南方面军与罗科索夫斯基的顿河方面军在大雪与浓雾中发起「天王星行动」。第 5 坦克集团军与第 21 集团军从谢拉菲莫维奇、克列茨卡亚桥头堡出击，以炮火集中轰击罗马尼亚第 3 集团军的防线；第 4 坦克军与第 26 坦克军当日突入纵深数十公里，11 月 23 日在卡拉奇附近的苏维埃茨基会师，合围德军第 6 集团军等部约 33 万人。本关描写苏军步兵跟随 T-34 撕开罗马尼亚军防线的一刻。,本关教学「步坦协同与突破纵深」：玩家跟着 T-34 与炮火弹幕推进，坦克能碾平机枪阵地，但侧翼暴露给 Pak 40；烟雾弹是保护坦克的唯一手段。突破之后必须在限定时间内守住公路交叉口，否则合围口会重新封闭。,全奏铜管与合唱式的推进主题，风雪中带着决绝的昂扬,,57,8,4,在炮火弹幕延伸时冲过第一道罗马尼亚军堑壕,3,"[{""id"":""obj1"",""text_zh"":""在炮火弹幕延伸时冲过第一道罗马尼亚军堑壕"",""type"":""primary"",""required"":true,""time_limit_s"":420},{""id"":""obj2"",""text_zh"":""清除封锁突破口的 Pak 40 反坦克炮阵地"",""type"":""primary"",""required"":true,""time_limit_s"":null},{""id"":""obj3"",""text_zh"":""守住公路交叉口，等待第 4 坦克军先头部队抵达"",""type"":""primary"",""required"":true,""time_limit_s"":900},{""id"":""obj4"",""text_zh"":""用烟雾掩护 T-34 侧翼，避免坦克被反坦克炮伏击"",""type"":""secondary"",""required"":false,""time_limit_s"":null}]","{""romanian_infantry"":24,""hungarian_infantry"":8,""italian_alpini"":6,""ger_landser_rifleman"":8,""ger_mg42_team"":4,""pak40"":3,""pzkpfw_iii"":2,""sdkfz_251"":2}","{""verified_events"":[""1942 年 11 月 19 日西南方面军与顿河方面军在大雪浓雾中发起天王星行动"",""第 5 坦克集团军与第 21 集团军从谢拉菲莫维奇和克列茨卡亚方向突破罗马尼亚第 3 集团军防线"",""11 月 23 日第 4 坦克军与第 26 坦克军在苏维埃茨基会师，完成对第 6 集团军的合围""],""dramatized"":[""突破口上 Pak 40 阵地的具体数量与位置"",""玩家所在班在会师前坚守公路交叉口的时长""]}","{""xp"":1600,""weapon"":""rpg43"",""class"":null}","{""era"":1942,""weight_mult"":1.15}",obj1,在炮火弹幕延伸时冲过第一道罗马尼亚军堑壕,primary,true,420,,,,obj2,清除封锁突破口的 Pak 40 反坦克炮阵地,primary,true,,obj3,守住公路交叉口，等待第 4 坦克军先头部队抵达,primary,true,900,,,,obj4,用烟雾掩护 T-34 侧翼，避免坦克被反坦克炮伏击,secondary,false,,,,,,1600,rpg43,,1942,1.15,,,,,,,,,,,,,,,,,,,,,,
21,sov_21_winter_storm,9,sov_stalingrad_1942,梅什科瓦河防线,The Myshkova Line,1942-12-12,梅什科瓦河与上库姆斯基,Myshkova River / Verkhne-Kumsky,48.20N 43.10E,delay,soviet,第 2 近卫集团军的一名反坦克组组长，在零下二十度的草原上挡住曼施坦因的解围矛头。,assault|engineer|machine_gunner,德军第 6 与第 23 装甲师的战斗群沿铁路线呈楔形突击，四号坦克在 1200 米外先敌开火，虎式在后方压制任何反坦克炮阵地。掷弹兵乘半履带车绕到侧翼，用 MG42 与迫击炮封锁苏军交通壕；遭到伏击时会立刻展开成一线，用 Pak 40 与坦克火力交替掩护推进。,第 2 近卫集团军（马利诺夫斯基）第 87 步兵师与近卫第 2 步兵军的一个团，配属第 4 机械化军的反坦克歼击团。严寒中冻伤减员严重，可用反坦克炮不足十门，主要依靠反坦克枪、RPG-43 与燃烧瓶在近距离作战，另有 T-34 一个连作机动预备队。,field,snow,day,500,8,1400,24,2,sov_howitzer_122|sov_mortar_82|sov_tank_t34_76|sov_smoke_screen,sov_tank_t34_76,1942 年 12 月 12 日，曼施坦因的顿河集团军群发起「冬季风暴」，第 57 装甲军以第 6、第 23 装甲师从科捷利尼科沃沿铁路北上。马利诺夫斯基的第 2 近卫集团军刚在梅什科瓦河一线展开，第 87 步兵师与近卫第 2 步兵军在零下二十度的草原上反复争夺上库姆斯基。12 月 19 日德军推进至梅什科瓦河，距被围的第 6 集团军仅约 48 公里，但保卢斯未获突围许可；12 月 24 日苏军转入反攻，解围企图失败。,本关教学「反坦克伏击与冻土限制」：零下二十度让工兵铲构筑工事的时间翻倍，玩家只能利用村庄房基与雪堆架设反坦克枪，把四号与虎式放进 200 米内再打侧面。铁路桥被德军装甲部队突破即判负，T-34 预备队只能动用一次。,刺骨的弦乐颤音配以远处坦克引擎，紧张而克制,,38,8,4,在铁路会让站两侧设置反坦克伏击阵地,3,"[{""id"":""obj1"",""text_zh"":""在铁路会让站两侧设置反坦克伏击阵地"",""type"":""primary"",""required"":true,""time_limit_s"":600},{""id"":""obj2"",""text_zh"":""把德军装甲纵队迟滞在梅什科瓦河以南至少二十分钟"",""type"":""primary"",""required"":true,""time_limit_s"":1200},{""id"":""obj3"",""text_zh"":""守住铁路桥，不让德军坦克越过梅什科瓦河"",""type"":""primary"",""required"":true,""time_limit_s"":null},{""id"":""obj4"",""text_zh"":""用燃烧瓶与集束手榴弹在近战中瘫痪一辆重型坦克"",""type"":""secondary"",""required"":false,""time_limit_s"":null,""condition"":""eliminate_count"",""target_count"":1,""target_enemy_ids"":[""pzkpfw_vi_tiger""]}]","{""ger_landser_rifleman"":16,""ger_mp40_leader"":4,""ger_mg42_team"":5,""pzkpfw_iv_f2"":4,""pzkpfw_vi_tiger"":1,""stug_iii_g"":3,""pak40"":3,""sdkfz_251"":2}","{""verified_events"":[""1942 年 12 月 12 日曼施坦因发起冬季风暴，第 57 装甲军从科捷利尼科沃北上"",""第 2 近卫集团军（马利诺夫斯基）在梅什科瓦河与上库姆斯基一线阻击"",""12 月 19 日德军进抵梅什科瓦河，距包围圈约 48 公里，12 月 24 日苏军反攻""],""dramatized"":[""虎式重型坦克参与解围作战的具体数量与战术分工"",""玩家所在反坦克组在铁路会让站的伏击细节""]}","{""xp"":1800,""weapon"":null,""class"":""anti_tank""}","{""era"":1942,""weight_mult"":1.15}",obj1,在铁路会让站两侧设置反坦克伏击阵地,primary,true,600,,,,obj2,把德军装甲纵队迟滞在梅什科瓦河以南至少二十分钟,primary,true,1200,obj3,守住铁路桥，不让德军坦克越过梅什科瓦河,primary,true,,,,,obj4,用燃烧瓶与集束手榴弹在近战中瘫痪一辆重型坦克,secondary,false,,eliminate_count,,,,1800,,anti_tank,1942,1.15,,,,,,,,1,"[""pzkpfw_vi_tiger""]",,,,,,,,,,,,,
22,sov_22_operation_ring,10,sov_stalingrad_1942,包围圈的终结,Operation Ring: The End of the Pocket,1943-01-10,斯大林格勒市中心红场百货大楼,"Univermag Department Store, Stalingrad",48.71N 44.51E,assault,soviet,第 21 集团军的一名突击组长，带队逐楼清理市中心废墟，直逼保卢斯的指挥部地下室。,assault|engineer|sniper,被围德军的弹药与口粮几近耗尽，但仍以 MG42 封锁街口，用仅存的突击炮和 Pak 40 直射苏军推进路线。工兵在楼内埋设绊发雷与诡雷，狙击手藏在百货大楼高层；一旦楼体被炮击坍塌，残余守军会退入地下室继续抵抗，最后才成批投降。,顿河方面军第 21 集团军与第 65 集团军的突击群，加强第 4 坦克军残部与工兵爆破组，另配属两个 T-34 连。突击组装备 PPSh-41、ROKS-2 喷火器与炸药包，随行 122mm 与 152mm 火炮用于近距离拆楼，另有第 62 集团军城内守军在北面接应。,city,snow,day,300,9,1800,26,1,sov_howitzer_152|sov_mortar_82|engineer_assault_group|sov_guards_rifle_reinforcement,sov_tank_t34_76,1943 年 1 月 10 日，罗科索夫斯基的顿河方面军以第 65、第 21、第 24 集团军等七个集团军发起「指环行动」，约七千门火炮与迫击炮轰击包围圈。苏军自西向东压缩，1 月 26 日在马马耶夫岗附近与坚守城内两个多月的第 62 集团军会师；1 月 31 日保卢斯在红场百货大楼地下室被俘，2 月 2 日北部集群停止抵抗，德军第 6 集团军约九万人被俘，斯大林格勒战役结束。本关描写突击组逐楼清理市中心废墟、直逼百货大楼的最后战斗。,本关教学「逐楼清理与敌军崩溃」：德军士气条会随弹药与口粮耗尽持续下降，玩家可以强攻也可以用喊话逼降；向已投降的敌军射击会扣减指挥点回复并影响结局评价。胜利条件是占领百货大楼地下室，并在 2 月 2 日前肃清北部集群残余抵抗。,由肃穆的合唱渐次转向低沉而空旷的终曲，雪落废墟的寂静,,47,8,4,沿马马耶夫岗方向逐楼肃清三条街区，与第 62 集团军会师,3,"[{""id"":""obj1"",""text_zh"":""沿马马耶夫岗方向逐楼肃清三条街区，与第 62 集团军会师"",""type"":""primary"",""required"":true,""time_limit_s"":1200},{""id"":""obj2"",""text_zh"":""占领红场百货大楼并突入其地下室"",""type"":""primary"",""required"":true,""time_limit_s"":null},{""id"":""obj3"",""text_zh"":""接受至少三批德军成建制投降，不得射杀降兵"",""type"":""primary"",""required"":true,""time_limit_s"":null},{""id"":""obj4"",""text_zh"":""在 1943 年 2 月 2 日前肃清北部拖拉机厂集群残余抵抗"",""type"":""secondary"",""required"":false,""time_limit_s"":null}]","{""ger_landser_rifleman"":22,""ger_mp40_leader"":5,""ger_mg42_team"":6,""ger_pioneer"":4,""ger_sniper"":3,""stug_iii_g"":2,""pak40"":3,""pzkpfw_iv_f2"":2}","{""verified_events"":[""1943 年 1 月 10 日顿河方面军发起指环行动，以约七千门火炮轰击包围圈"",""1 月 26 日苏军在马马耶夫岗附近会师，被围德军被切成两块"",""1 月 31 日保卢斯在红场百货大楼地下室被俘，2 月 2 日北部集群投降""],""dramatized"":[""玩家所在突击组在市中心三条街区的具体推进路线"",""T-34 直接参与街垒拆楼作战的个体场景""]}","{""xp"":3000,""weapon"":""captured_mg42"",""class"":null}","{""era"":1943,""weight_mult"":1.2}",obj1,沿马马耶夫岗方向逐楼肃清三条街区，与第 62 集团军会师,primary,true,1200,,,,obj2,占领红场百货大楼并突入其地下室,primary,true,,obj3,接受至少三批德军成建制投降，不得射杀降兵,primary,true,,,,,obj4,在 1943 年 2 月 2 日前肃清北部拖拉机厂集群残余抵抗,secondary,false,,,,,,3000,captured_mg42,,1943,1.2,,,,,,,,,,,,,,,,,,,,,,
23,sov_23_oboyan_minefield,1,sov_kursk_1943,奥博扬的钢铁雷场,Steel Minefield at Oboyan,1943-07-05,奥博扬—雅科夫列沃公路,Oboyan–Yakovlevo Road,51.20N 36.28E,defense,soviet,你是第 6 近卫集团军反坦克支撑点的一名工兵军士，要在奥博扬公路两侧把雷场、反坦克枪和火炮摆成一张交叉火网。,anti_tank|engineer,德军以第 4 装甲集团军为先导，先用密集炮火与斯图卡压制前沿，再让虎式与四号坦克沿工兵开辟的雷场通道多点楔入。一旦被反坦克火力阻滞，他们立刻把 88mm 高射炮推上来平射，并以装甲掷弹兵从侧翼逐个包抄支撑点。,沃罗涅日方面军第 6 近卫集团军第 22 近卫步兵军以第 90 近卫步兵师为骨干，加强独立反坦克歼击旅与工兵雷场作业组。第 1 坦克集团军主力隐蔽在第二道防线后的反斜面，准备对突入之敌实施反突击。,trench,mud,dawn,400,7,1500,24,2,sov_howitzer_122|sov_katyusha|sov_smoke_screen|sov_mortar_82,,1943 年 7 月 5 日，德军『堡垒』行动在库尔斯克突出部南翼发起，第 4 装甲集团军沿奥博扬公路猛攻沃罗涅日方面军第 6 近卫集团军阵地。苏军在雅科夫列沃与奥博扬之间构筑纵深反坦克支撑点：反坦克炮、PTRD-41 反坦克枪与步兵在雷场后方形成交叉火力，独立反坦克歼击旅随时机动堵口。7 月 6 日德军一度突入第 22 近卫步兵军第 90 近卫步兵师阵地，瓦图京把方面军预备队与炮兵全线投入反击。第一周德军仅推进数十公里，损失数百辆坦克，7 月 12 日之后被迫转入防御。,本关是战役的反坦克机制入门：玩家要在公路两侧选定支撑点，用 PTRD-41 与反坦克炮交叉封锁雷场通道，并保持观察员视线以便呼叫 122mm 火力。教学重点是『把坦克放进侧面射界』与『雷场必须留出诱敌通道』；三个支撑点被同时摧毁即防线崩溃，任务失败。,低音弦乐持续脉动，远处履带声与炮击闷响逐渐逼近。,,63,8,4,在雷场通道两侧构筑两个反坦克支撑点,2,"[{""id"":""obj1"",""text_zh"":""在雷场通道两侧构筑两个反坦克支撑点"",""type"":""primary"",""required"":true,""time_limit_s"":null},{""id"":""obj2"",""text_zh"":""击退德军第 4 装甲集团军的第一次装甲冲击"",""type"":""primary"",""required"":true,""time_limit_s"":900},{""id"":""obj3"",""text_zh"":""保持观察员视线并呼叫至少一次 122mm 火力急袭"",""type"":""secondary"",""required"":false,""time_limit_s"":null},{""id"":""obj4"",""text_zh"":""撤出被击毁支撑点的伤员并保住 2 门反坦克炮"",""type"":""secondary"",""required"":false,""time_limit_s"":null}]","{""ger_landser_rifleman"":24,""ger_ss_grenadier"":12,""ger_mg42_team"":6,""pzkpfw_iv_f2"":6,""pzkpfw_vi_tiger"":3,""stug_iii_g"":5,""ger_pioneer"":4,""pak40"":3}","{""verified_events"":[""1943-07-05 德军第 4 装甲集团军在库尔斯克南翼沿奥博扬方向发起进攻"",""第 90 近卫步兵师隶属第 6 近卫集团军第 22 近卫步兵军，防守雅科夫列沃一带"",""苏军以纵深反坦克支撑点、雷场与机动反坦克歼击旅消耗德军装甲突击""],""dramatized"":[""支撑点内玩家军士的具体行动与临时指挥为虚构"",""个别支撑点被反复争夺的时间顺序做了压缩处理""]}","{""xp"":1200,""weapon"":""ptrds41"",""class"":""anti_tank""}","{""era"":1943,""weight_mult"":1}",obj1,在雷场通道两侧构筑两个反坦克支撑点,primary,true,,,,,obj2,击退德军第 4 装甲集团军的第一次装甲冲击,primary,true,900,obj3,保持观察员视线并呼叫至少一次 122mm 火力急袭,secondary,false,,,,,obj4,撤出被击毁支撑点的伤员并保住 2 门反坦克炮,secondary,false,,,,,,1200,ptrds41,anti_tank,1943,1,,,,,,,,,,,,,,,,,,,,,,
24,sov_24_prokhorovka_clash,2,sov_kursk_1943,普罗霍罗夫卡钢铁碰撞,Clash of Steel at Prokhorovka,1943-07-12,普罗霍罗夫卡车站以西,West of Prokhorovka Station,51.03N 36.73E,armored,soviet,你是第 5 近卫坦克集团军第 18 坦克军的一名反坦克枪手兼坦克搭载步兵，在草坡上与党卫军装甲军近距离互撞。,anti_tank|mortarman,党卫军第 2 装甲军让虎式与四号坦克在 1000 米外正面点名，另派分队沿铁路路基推进，步兵紧随清剿。德军惯于抢占高地与反斜面的射击阵地，用远距离精度压制苏军冲锋，并呼叫斯图卡与炮兵覆盖我军集结地。,罗特米斯特罗夫第 5 近卫坦克集团军投入第 18、第 29 坦克军与第 5 近卫机械化军，T-34/76 必须冲进 500 米内才能击穿敌正面。草原方面军第 5 近卫集团军第 9 近卫空降师在左翼据守，炮兵以密集弹幕封锁德军步兵。,field,mud,day,500,9,1800,26,1,sov_howitzer_122|sov_katyusha|sov_smoke_screen|sov_il2_strafe,,1943 年 7 月 12 日，罗特米斯特罗夫的第 5 近卫坦克集团军在普罗霍罗夫卡车站以西的草坡上，以第 18、第 29 坦克军的 T-34 冲击党卫军第 2 装甲军。双方数百辆坦克在狭窄地带近距离交火，德军虎式与四号的 88mm、75mm 炮在远距离占尽优势，苏军只能靠高速接近打侧面。草原方面军第 5 近卫集团军第 9 近卫空降师同时顶住『阿道夫·希特勒警卫旗队』的步兵推进。此战之后德军南翼进攻势头被彻底耗尽，成为库尔斯克会战的转折点。,教学重点是装甲遭遇战的距离管理与侧射：T-34 正面打不穿虎式，玩家必须依托草坡反斜面与烟幕，把敌装甲引进 300 米内的侧面射界，同时用 82mm 迫击炮压制伴随步兵。失败条件是坦克排被逐辆点名，或在开阔地与德军原地对射。,打击乐急促推进，铜管在履带轰鸣与金属撞击声中嘶吼。,,46,8,4,守住 252.2 高地反斜面，阻止德军装甲楔入,2,"[{""id"":""obj1"",""text_zh"":""守住 252.2 高地反斜面，阻止德军装甲楔入"",""type"":""primary"",""required"":true,""time_limit_s"":1200},{""id"":""obj2"",""text_zh"":""用侧射火力瘫痪至少 3 辆德军坦克"",""type"":""primary"",""required"":true,""time_limit_s"":null,""condition"":""eliminate_count"",""target_count"":3,""target_enemy_ids"":[""pzkpfw_iv_f2"",""pzkpfw_v_panther"",""pzkpfw_vi_tiger"",""stug_iii_g""]},{""id"":""obj3"",""text_zh"":""以 82mm 迫击炮压制伴随德军步兵两分钟以上"",""type"":""secondary"",""required"":false,""time_limit_s"":null},{""id"":""obj4"",""text_zh"":""用发烟弹幕掩护受损坦克撤离"",""type"":""secondary"",""required"":false,""time_limit_s"":null}]","{""pzkpfw_iv_f2"":8,""pzkpfw_v_panther"":4,""pzkpfw_vi_tiger"":3,""stug_iii_g"":6,""ger_ss_grenadier"":14,""ger_mg42_team"":5,""pak40"":4,""flak36_88"":2}","{""verified_events"":[""1943-07-12 第 5 近卫坦克集团军在普罗霍罗夫卡地域与党卫军第 2 装甲军激战"",""罗特米斯特罗夫指挥的第 18、第 29 坦克军是当日主要突击力量"",""第 9 近卫空降师在普罗霍罗夫卡以南据守，掩护坦克集团军侧翼""],""dramatized"":[""牌面坦克数量与逐辆交战过程为便于玩法做了简化"",""玩家以步兵身份参与坦克会战的视角为虚构""]}","{""xp"":1600,""weapon"":""rpg43"",""class"":null}","{""era"":1943,""weight_mult"":1.15}",obj1,守住 252.2 高地反斜面，阻止德军装甲楔入,primary,true,1200,,,,obj2,用侧射火力瘫痪至少 3 辆德军坦克,primary,true,,obj3,以 82mm 迫击炮压制伴随德军步兵两分钟以上,secondary,false,,,,,obj4,用发烟弹幕掩护受损坦克撤离,secondary,false,,,,,,1600,rpg43,,1943,1.15,,,,,eliminate_count,3,"[""pzkpfw_iv_f2"",""pzkpfw_v_panther"",""pzkpfw_vi_tiger"",""stug_iii_g""]",,,,,,,,,,,,,,,
25,sov_25_belgorod_breakthrough,3,sov_kursk_1943,别尔哥罗德的突破口,Breakthrough at Belgorod,1943-08-03,别尔哥罗德北郊,Northern Outskirts of Belgorod,50.60N 36.60E,breakthrough,soviet,你是草原方面军第 53 集团军的一名迫击炮手，在炮火准备后随第一梯队强渡北顿涅茨河，为坦克集群撕开缺口。,mortarman|anti_tank|engineer,德军依托北顿涅茨河与别尔哥罗德外围丘陵、村落构筑支撑点，把 88mm 炮和 Pak 40 藏在果树与房舍后面实施远距伏击，并以装甲掷弹兵在坦克支援下反击。退却时破坏桥梁、埋设地雷，企图用逐村抵抗拖慢苏军。,草原方面军第 53 集团军第 89 近卫步兵师与第 7 近卫集团军并肩突击，方面军集中上千门火炮与两百余辆坦克支援。第 5 近卫坦克集团军和第 1 坦克集团军组成快速集群，突破后立即向哈尔科夫方向纵深发展。,field,clear,dawn,700,7,1500,25,2,sov_howitzer_122|sov_katyusha|sov_smoke_screen|sov_guards_rifle_reinforcement,sov_tank_t34_76,1943 年 8 月 3 日，草原方面军与沃罗涅日方面军发起别尔哥罗德—哈尔科夫进攻战役。科涅夫以第 53 集团军、第 7 近卫集团军并排突击，第 89 近卫步兵师在炮火准备后强渡北顿涅茨河，8 月 5 日解放别尔哥罗德；同日西线苏军收复奥廖尔，莫斯科首次以礼炮庆祝胜利。随后第 5 近卫坦克集团军与第 1 坦克集团军从两翼投入，8 月 23 日哈尔科夫解放。此役苏军第一次在夏季以坦克重兵集团实施连续突破，把德军南方集团军群逐出乌克兰东部。,本关教授合成突破节奏：炮火准备—工兵破障—坦克搭载步兵冲击。玩家必须先用 122mm 与喀秋莎压制村落支撑点，再呼叫 T-34 排搭载步兵沿雷场通道突入。若在炮击结束 90 秒内没有发起冲击，德军会重组防线并呼叫装甲反击，突破难度将成倍上升。,军鼓由缓到急，铜管齐奏伴随喀秋莎火箭的呼啸升空。,,78,8,4,在炮火准备后 90 秒内发起冲击并突破前沿堑壕,3,"[{""id"":""obj1"",""text_zh"":""在炮火准备后 90 秒内发起冲击并突破前沿堑壕"",""type"":""primary"",""required"":true,""time_limit_s"":600},{""id"":""obj2"",""text_zh"":""清除雷场与铁丝网，为 T-34 排打开通道"",""type"":""primary"",""required"":true,""time_limit_s"":null},{""id"":""obj3"",""text_zh"":""呼叫 T-34 排搭载步兵突入别尔哥罗德北郊"",""type"":""primary"",""required"":true,""time_limit_s"":null},{""id"":""obj4"",""text_zh"":""用喀秋莎齐射覆盖德军村落支撑点"",""type"":""secondary"",""required"":false,""time_limit_s"":null}]","{""ger_landser_rifleman"":28,""ger_ss_grenadier"":16,""ger_mg42_team"":8,""pzkpfw_iv_f2"":5,""stug_iii_g"":6,""pak40"":6,""ger_pioneer"":6,""flak36_88"":3}","{""verified_events"":[""1943-08-03 草原方面军发起别尔哥罗德—哈尔科夫进攻战役"",""第 53 集团军第 89 近卫步兵师参与解放别尔哥罗德"",""1943-08-05 莫斯科为奥廖尔与别尔哥罗德解放鸣放礼炮""],""dramatized"":[""玩家在炮火准备后带领迫击炮组冲击的具体过程为虚构"",""德军在城北各支撑点的兵力配置做了适度压缩""]}","{""xp"":1500,""weapon"":null,""class"":""mortarman""}","{""era"":1943,""weight_mult"":1}",obj1,在炮火准备后 90 秒内发起冲击并突破前沿堑壕,primary,true,600,,,,obj2,清除雷场与铁丝网，为 T-34 排打开通道,primary,true,,obj3,呼叫 T-34 排搭载步兵突入别尔哥罗德北郊,primary,true,,,,,obj4,用喀秋莎齐射覆盖德军村落支撑点,secondary,false,,,,,,1500,,mortarman,1943,1,,,,,,,,,,,,,,,,,,,,,,
26,sov_26_dnieper_bridgehead,4,sov_kursk_1943,第聂伯河上的桥头堡,Bridgehead on the Dnieper,1943-09-22,布克林与柳捷日渡口,Bukrin and Lyutezh Crossings,49.95N 31.05E,river_crossing,soviet,你是沃罗涅日方面军工兵营的一名爆破手，要在烟幕掩护下架起浮桥，并守住桥头堡的狭窄正面。,engineer|mortarman|anti_tank,德军退守第聂伯河右岸高地，把坦克与突击炮隐蔽在河谷反斜面，用迫击炮和机枪封锁水面与渡口，并集中装甲部队反击任何桥头堡。夜间他们用探照灯与照明弹压制渡河工兵，白天则以斯图卡攻击浮桥。,沃罗涅日方面军第 27、第 40 集团军的先遣支队利用渔船、木筏与防水布浮筒夜渡，工兵营抢架 30 吨浮桥。第 3 近卫坦克集团军在布克林桥头堡集结，第 38 集团军则秘密北调至柳捷日，负责真正的决定性一击。,river,clear,night,350,8,1800,24,1,sov_howitzer_122|sov_katyusha|sov_smoke_screen|sov_mortar_82,sov_tank_t34_76,1943 年 9 月，瓦图京的沃罗涅日方面军追至第聂伯河。9 月 22 日夜，第 27、第 40 集团军的先遣队在布克林、大布克林一带用木筏、渔船和简易浮筒强渡，抢占布克林桥头堡，希特勒此前下令必须守住这条『东墙』。德军以装甲军反复反扑，桥头堡受河谷地形限制无法展开坦克。10 月底，瓦图京秘密把第 38 集团军与第 3 近卫坦克集团军北调至柳捷日小桥头堡，11 月 3 日从那里发起真正的突击，布克林遂成诱饵。,本关首次教授烟幕与渡河工程的配合：发烟弹幕必须覆盖对岸机枪巢与观察哨，工兵在遮蔽期内架桥。玩家还要守住桥头堡的狭窄正面，用迫击炮与反坦克枪打倒试图冲进登陆场的突击炮；浮桥被摧毁两次以上即任务失败。,低沉弦乐与水面声交织，火箭弹升空时骤然爆发。,,68,8,4,夜间用渔船与木筏运送先遣队过河,3,"[{""id"":""obj1"",""text_zh"":""夜间用渔船与木筏运送先遣队过河"",""type"":""primary"",""required"":true,""time_limit_s"":900},{""id"":""obj2"",""text_zh"":""在发烟弹幕掩护下完成浮桥架设"",""type"":""primary"",""required"":true,""time_limit_s"":null},{""id"":""obj3"",""text_zh"":""击退德军突击炮对登陆场的反冲击"",""type"":""primary"",""required"":true,""time_limit_s"":null},{""id"":""obj4"",""text_zh"":""保住浮桥不被炮火摧毁超过一次"",""type"":""secondary"",""required"":false,""time_limit_s"":null}]","{""ger_landser_rifleman"":30,""ger_mg42_team"":9,""ger_ss_grenadier"":10,""pak40"":5,""stug_iii_g"":4,""ger_pioneer"":5,""flak36_88"":2,""pzkpfw_iv_f2"":3}","{""verified_events"":[""1943-09-22 前后苏军先遣队在布克林、大布克林地域强渡第聂伯河"",""第 27、第 40 集团军与第 3 近卫坦克集团军先后投入布克林桥头堡"",""1943 年 10 月底苏军主力秘密转移至柳捷日桥头堡""],""dramatized"":[""玩家工兵组架桥的具体时间与次数为虚构"",""德军反冲击的规模与波次为便于玩法做了压缩""]}","{""xp"":1800,""weapon"":""ppsh41"",""class"":""engineer""}","{""era"":1943,""weight_mult"":1.05}",obj1,夜间用渔船与木筏运送先遣队过河,primary,true,900,,,,obj2,在发烟弹幕掩护下完成浮桥架设,primary,true,,obj3,击退德军突击炮对登陆场的反冲击,primary,true,,,,,obj4,保住浮桥不被炮火摧毁超过一次,secondary,false,,,,,,1800,ppsh41,engineer,1943,1.05,,,,,,,,,,,,,,,,,,,,,,
27,sov_27_kiev_liberation,5,sov_kursk_1943,基辅城下的红旗,The Red Flag over Kiev,1943-11-06,基辅日托米尔公路与城郊,"Kiev, Zhytomyr Highway and Outskirts",50.45N 30.52E,urban_clearing,soviet,你是第 38 集团军的一名突击工兵，随第一梯队从柳捷日桥头堡冲进基辅城郊，逐街肃清德军的阻击点。,assault|engineer|anti_tank,德军以第 4 装甲集团军残部据守基辅城郊的砖石建筑与铁路枢纽，把突击炮和 Pak 40 架设在十字路口，并从法斯托夫方向组织装甲反击。城内布设大量地雷与路障，企图把巷战变成逐屋消耗，同时用狙击手压制街面。,第 1 乌克兰方面军以第 38 集团军为第一梯队、第 3 近卫坦克集团军为快速集群，沿柳捷日—基辅公路突击。第 1 近卫骑兵军与独立捷克旅负责迂回切断德军的日托米尔退路，第 27 集团军则自布克林方向配合牵制。,city,snow,dawn,300,7,1600,23,2,sov_howitzer_122|sov_katyusha|sov_smoke_screen|sov_howitzer_152,sov_tank_t34_76,1943 年 11 月 3 日，第 1 乌克兰方面军从柳捷日桥头堡发起基辅进攻战役。第 38 集团军与第 3 近卫坦克集团军沿日托米尔公路突破，11 月 5 日逼近城郊，德军第 4 装甲集团军仓皇撤出。11 月 6 日凌晨，第 1 近卫骑兵军与独立捷克旅进入基辅市区，基辅宣告解放。为阻止德军从法斯托夫方向反击，苏军在日托米尔—法斯托夫一线连续顶住数个装甲师，11 月 17 日收复日托米尔，随后在 12 月的日托米尔—别尔季切夫战役中稳住第聂伯河右岸。,城市攻坚教学：让玩家熟悉 152mm 重炮对砖石建筑的定点破坏与逐楼清理节奏。玩家须按街区推进，避免正面撞击十字路口的 Pak 40；捷克旅与骑兵军的迂回由脚本推进，玩家的主要压力是在日托米尔公路上守住反坦克阻击线。,庄严的合唱主题在废墟回响中逐渐升调，终以短促铜管收束。,,66,8,4,沿柳捷日—基辅公路突入城郊并夺取火车站,3,"[{""id"":""obj1"",""text_zh"":""沿柳捷日—基辅公路突入城郊并夺取火车站"",""type"":""primary"",""required"":true,""time_limit_s"":1200},{""id"":""obj2"",""text_zh"":""用 152mm 重炮摧毁十字路口的街垒与碉堡"",""type"":""primary"",""required"":true,""time_limit_s"":null},{""id"":""obj3"",""text_zh"":""在日托米尔公路上守住反坦克阻击线"",""type"":""primary"",""required"":true,""time_limit_s"":null},{""id"":""obj4"",""text_zh"":""保护独立捷克旅的迂回路线不被切断"",""type"":""secondary"",""required"":false,""time_limit_s"":null}]","{""ger_landser_rifleman"":26,""ger_ss_grenadier"":12,""ger_mg42_team"":7,""ger_pioneer"":6,""stug_iii_g"":4,""pak40"":4,""ger_sniper"":4,""pzkpfw_iv_f2"":3}","{""verified_events"":[""1943-11-03 第 1 乌克兰方面军自柳捷日桥头堡发起基辅进攻战役"",""1943-11-06 苏军解放基辅，独立捷克旅与第 1 近卫骑兵军进入市区"",""德军在法斯托夫、日托米尔方向实施装甲反击""],""dramatized"":[""玩家逐街清理的街区编号与具体建筑为虚构"",""城内德军兵力与逐屋战斗时长做了压缩""]}","{""xp"":1700,""weapon"":""svt40"",""class"":""scout""}","{""era"":1943,""weight_mult"":1}",obj1,沿柳捷日—基辅公路突入城郊并夺取火车站,primary,true,1200,,,,obj2,用 152mm 重炮摧毁十字路口的街垒与碉堡,primary,true,,obj3,在日托米尔公路上守住反坦克阻击线,primary,true,,,,,obj4,保护独立捷克旅的迂回路线不被切断,secondary,false,,,,,,1700,svt40,scout,1943,1,,,,,,,,,,,,,,,,,,,,,,
28,sov_28_korsun_pocket,6,sov_kursk_1943,科尔松—切尔卡瑟口袋,The Korsun Pocket,1944-01-24,科尔松—切尔卡瑟突出部,Korsun–Cherkassy Salient,49.42N 31.25E,siege,soviet,你是乌克兰第 2 方面军的一名反坦克炮长，任务是一面收紧包围圈，一面顶住德军第 3 装甲军从外线的解围突击。,anti_tank|mortarman|engineer,被围德军在科尔松—切尔卡瑟筑起环形防线，以突击炮、Pak 40 与虎式封锁所有接近路，并不断向雷相卡方向试探突围。外围德军第 3 装甲军以『大德意志』师与党卫军『维京』师在泥泞中强攻，试图打通一条走廊。,乌克兰第 1、第 2 方面军以第 5 近卫坦克集团军、第 6 坦克集团军在兹韦尼戈罗德卡会合闭合包围圈，第 52、第 4 近卫集团军负责分割被围集团。外围由第 27、第 40 集团军组织反坦克地域，抵挡德军解围突击。,village,snow,night,250,9,2000,26,1,sov_howitzer_122|sov_katyusha|sov_smoke_screen|sov_il2_strafe,sov_tank_t34_76,1944 年 1 月 24 日，乌克兰第 1、第 2 方面军对科尔松—切尔卡瑟突出部的德军发起合围。1 月 28 日，第 5 近卫坦克集团军与第 6 坦克集团军在兹韦尼戈罗德卡会师，把德军第 11 军与第 42 军约六万人关进『口袋』。科涅夫拒绝给被围部队留出突围通道，2 月中旬德军第 3 装甲军以『大德意志』师、党卫军『维京』师拼命解围，在雷相卡、申杰罗夫卡的泥泞中步履维艰。2 月 17 日夜被围部队冒雪强突，损失惨重，约五万人阵亡或被俘。,包围与反解围的双向教学：玩家要在内线守住分割阵地、阻止被围德军向雷相卡突围，同时在外线用反坦克支撑点抵挡德军装甲军的解围突击。泥泞会显著降低车辆机动，反坦克枪、集束手雷与雷场成为关键，两处阵地同时失守即任务失败。,阴冷的弦乐在风雪中反复盘旋，迫击炮落点声像心跳。,,76,8,4,守住兹韦尼戈罗德卡会合点，完成包围圈闭合,3,"[{""id"":""obj1"",""text_zh"":""守住兹韦尼戈罗德卡会合点，完成包围圈闭合"",""type"":""primary"",""required"":true,""time_limit_s"":900},{""id"":""obj2"",""text_zh"":""在雷相卡方向建立反坦克地域，阻止被围德军突围"",""type"":""primary"",""required"":true,""time_limit_s"":null},{""id"":""obj3"",""text_zh"":""击退德军解围部队的装甲突击"",""type"":""primary"",""required"":true,""time_limit_s"":null},{""id"":""obj4"",""text_zh"":""用喀秋莎覆盖被围集团的集结地"",""type"":""secondary"",""required"":false,""time_limit_s"":null}]","{""ger_ss_grenadier"":22,""ger_landser_rifleman"":18,""ger_mg42_team"":8,""pzkpfw_v_panther"":4,""pzkpfw_vi_tiger"":4,""stug_iii_g"":6,""pak40"":6,""ger_panzerfaust"":8}","{""verified_events"":[""1944-01-28 苏军第 5 近卫坦克集团军与第 6 坦克集团军在兹韦尼戈罗德卡会师闭合包围圈"",""德军第 3 装甲军（含『大德意志』师、党卫军『维京』师）实施解围突击"",""1944-02-17 夜被围德军在雷相卡方向突围，损失惨重""],""dramatized"":[""玩家炮组在包围圈内外的具体阵地与射界为虚构"",""包围圈规模与逐日战斗进程做了压缩""]}","{""xp"":2200,""weapon"":""soviet_sapper_kit"",""class"":null}","{""era"":1943,""weight_mult"":1.15}",obj1,守住兹韦尼戈罗德卡会合点，完成包围圈闭合,primary,true,900,,,,obj2,在雷相卡方向建立反坦克地域，阻止被围德军突围,primary,true,,obj3,击退德军解围部队的装甲突击,primary,true,,,,,obj4,用喀秋莎覆盖被围集团的集结地,secondary,false,,,,,,2200,soviet_sapper_kit,,1943,1.15,,,,,,,,,,,,,,,,,,,,,,
29,sov_29_novgorod_relief,7,sov_kursk_1943,列宁格勒的破冰之路,Breaking the Ice at Novgorod,1944-01-27,诺夫哥罗德以北的沃尔霍夫河,Volkhov River North of Novgorod,58.52N 31.27E,relief,soviet,你是沃尔霍夫方面军第 59 集团军的一名迫击炮手，踏着冻硬的沼泽夜路渗透，为解除列宁格勒封锁打通诺夫哥罗德。,mortarman|engineer|anti_tank,德军第 18 集团军沿沃尔霍夫河与伊尔门湖沼泽构筑了两年之久的阵地，把机枪巢与 88mm 炮布置在冻土高地上，以地雷、铁丝网和冰雪障碍封锁林间通道。夜间他们用探照灯与巡逻队阻止苏军渗透，白天则以炮兵覆盖冰面。,沃尔霍夫方面军第 59 集团军在诺夫哥罗德以北强渡冰冻的沃尔霍夫河，近卫步兵与滑雪侦察分队沿林间夜路渗透。列宁格勒方面军第 2 突击集团军自奥拉宁鲍姆桥头堡出击，炮兵与工兵保障冰雪地形下的持续进攻。,forest,snow,dawn,200,7,1500,23,2,sov_howitzer_122|sov_katyusha|sov_smoke_screen|sov_mortar_82,sov_tank_t34_76,1944 年 1 月 14 日，列宁格勒方面军与沃尔霍夫方面军对德军第 18 集团军发起诺夫哥罗德—卢加进攻战役。沃尔霍夫方面军第 59 集团军从诺夫哥罗德以北强渡冰冻的沃尔霍夫河，1 月 20 日解放诺夫哥罗德；列宁格勒方面军第 2 突击集团军则从奥拉宁鲍姆桥头堡向西突击。1 月 27 日，列宁格勒与莫斯科同时鸣放礼炮，宣告自 1941 年 9 月以来的列宁格勒封锁被彻底解除。此役苏军在严寒的森林沼泽中推进百余公里，粉碎了德军长达两年多的围困。,冬季森林渗透与间接火力教学：低能见度限制直射火力，玩家必须用迫击炮和 122mm 炮击清理冻土高地上的机枪巢，并沿滑雪道迂回。严寒加快体力和食物消耗，长时间暴露在开阔冰面上会招来 88mm 平射，因此烟幕与掩体路线必须交替使用。,稀疏的钟琴与低音提琴，寒风音效中夹杂远处礼炮。,,62,8,4,夜渡冰冻的沃尔霍夫河并夺取北岸高地,3,"[{""id"":""obj1"",""text_zh"":""夜渡冰冻的沃尔霍夫河并夺取北岸高地"",""type"":""primary"",""required"":true,""time_limit_s"":1200},{""id"":""obj2"",""text_zh"":""用迫击炮与 122mm 炮击清除冻土高地上的机枪巢"",""type"":""primary"",""required"":true,""time_limit_s"":null},{""id"":""obj3"",""text_zh"":""沿林间通道推进至诺夫哥罗德城郊"",""type"":""primary"",""required"":true,""time_limit_s"":null},{""id"":""obj4"",""text_zh"":""保护滑雪侦察分队不被德军巡逻队截断"",""type"":""secondary"",""required"":false,""time_limit_s"":null}]","{""ger_landser_rifleman"":24,""ger_mg42_team"":8,""ger_ss_grenadier"":10,""ger_pioneer"":5,""pak40"":4,""stug_iii_g"":4,""flak36_88"":3,""ger_sniper"":4}","{""verified_events"":[""1944-01-14 列宁格勒方面军与沃尔霍夫方面军发起诺夫哥罗德—卢加进攻战役"",""1944-01-20 苏军解放诺夫哥罗德"",""1944-01-27 列宁格勒封锁被完全解除，莫斯科鸣放礼炮""],""dramatized"":[""玩家迫击炮组在沼泽夜路渗透的路线为虚构"",""德军冻土高地阵地的具体火力点数量做了简化""]}","{""xp"":1700,""weapon"":""dp28"",""class"":null}","{""era"":1943,""weight_mult"":1}",obj1,夜渡冰冻的沃尔霍夫河并夺取北岸高地,primary,true,1200,,,,obj2,用迫击炮与 122mm 炮击清除冻土高地上的机枪巢,primary,true,,obj3,沿林间通道推进至诺夫哥罗德城郊,primary,true,,,,,obj4,保护滑雪侦察分队不被德军巡逻队截断,secondary,false,,,,,,1700,dp28,,1943,1,,,,,,,,,,,,,,,,,,,,,,
30,sov_30_vitebsk_encirclement,8,sov_kursk_1943,维捷布斯克的合围,Encirclement at Vitebsk,1944-06-23,维捷布斯克以东森林与公路,Forests and Roads East of Vitebsk,55.19N 30.20E,breakthrough,soviet,你是波罗的海沿岸第 1 方面军的一名突击工兵，要在沼泽林间为合围维捷布斯克的两把钳子打开通道。,engineer|anti_tank|assault,德军第 3 装甲集团军把维捷布斯克当作『堡垒』，在城东森林与沼泽间构筑多道堑壕、雷场和反坦克炮阵地，以装甲掷弹兵守住公路交叉点，并沿唯一通道实施反击突围。由于缺乏机动预备队，其两翼极易被苏军钳形突击撕裂。,波罗的海沿岸第 1 方面军巴格拉米扬以第 43、第 39 集团军分别从西北与东南对进，第 6 近卫集团军与第 5 近卫坦克军扩大突破口，配属 152mm 榴弹炮与 IL-2 强击机，共同歼灭被围的德军第 53 军。,forest,clear,dawn,600,8,1800,25,2,sov_howitzer_122|sov_katyusha|sov_smoke_screen|sov_howitzer_152,sov_tank_t34_76|sov_tank_isu152,1944 年 6 月 23 日，巴格拉季昂行动开始，波罗的海沿岸第 1 方面军巴格拉米扬以第 43、第 39 集团军和第 6 近卫集团军对维捷布斯克两翼同时突击。6 月 24 日，苏军在维捷布斯克西北与东南会合，把德军第 3 装甲集团军约五个师合围于城东。6 月 26 日维捷布斯克解放，德军第 53 军试图突围，被炮火与 IL-2 强击机碾碎，约两万人阵亡、上万人被俘。这是巴格拉季昂行动的首批『口袋』，打开了通往明斯克与波罗的海的大门。,教授合围的钳形协同：玩家要以工兵在沼泽林间开辟通道，用反坦克炮封锁维捷布斯克—奥尔沙公路，阻止德军突围。若让被围集团沿公路连续冲出五分钟以上，合围即告失败，玩家必须重新封闭缺口并承担额外损失。,沉稳的进行曲主题，林间鸟鸣被引擎声与炮击吞没。,,75,8,4,在沼泽林间开辟两条进攻通道,3,"[{""id"":""obj1"",""text_zh"":""在沼泽林间开辟两条进攻通道"",""type"":""primary"",""required"":true,""time_limit_s"":1200},{""id"":""obj2"",""text_zh"":""封锁维捷布斯克—奥尔沙公路，切断德军退路"",""type"":""primary"",""required"":true,""time_limit_s"":null},{""id"":""obj3"",""text_zh"":""配合友军完成对城东德军的合围"",""type"":""primary"",""required"":true,""time_limit_s"":null},{""id"":""obj4"",""text_zh"":""用 152mm 重炮摧毁德军公路交叉点碉堡"",""type"":""secondary"",""required"":false,""time_limit_s"":null}]","{""ger_landser_rifleman"":30,""ger_ss_grenadier"":14,""ger_mg42_team"":9,""pak40"":7,""stug_iii_g"":5,""flak36_88"":3,""ger_pioneer"":4,""pzkpfw_iv_f2"":3}","{""verified_events"":[""1944-06-23 巴格拉季昂行动开始，波罗的海沿岸第 1 方面军突击维捷布斯克两翼"",""1944-06-24 苏军在维捷布斯克西北与东南会合完成合围"",""1944-06-26 维捷布斯克解放，德军第 53 军被歼""],""dramatized"":[""玩家工兵在沼泽林间开辟通道的细节为虚构"",""被围德军突围与清剿的时长为便于玩法做了压缩""]}","{""xp"":2400,""weapon"":null,""class"":""engineer""}","{""era"":1945,""weight_mult"":1.1}",obj1,在沼泽林间开辟两条进攻通道,primary,true,1200,,,,obj2,封锁维捷布斯克—奥尔沙公路，切断德军退路,primary,true,,obj3,配合友军完成对城东德军的合围,primary,true,,,,,obj4,用 152mm 重炮摧毁德军公路交叉点碉堡,secondary,false,,,,,,2400,,engineer,1945,1.1,,,,,,,,,,,,,,,,,,,,,,
31,sov_31_minsk_cauldron,9,sov_kursk_1943,明斯克城外的大包围,The Minsk Cauldron,1944-07-03,明斯克以东森林公路,Forest Roads East of Minsk,53.90N 27.57E,assault,soviet,你是白俄罗斯第 3 方面军的一名反坦克炮长，要守住明斯克以东的公路交叉口，把德军第 4 集团军堵死在森林里。,assault|anti_tank|engineer,德军第 4 集团军残部沿明斯克以东的森林与沼泽退却，在白俄罗斯游击队的袭扰下丢弃重装备，试图以骡马和小股战斗群夜间向东突围。城内守军则用突击炮、Pak 40 与路障固守火车站和桥梁，并以铁拳小组伏击接近的坦克。,白俄罗斯第 3 方面军第 5 近卫坦克集团军与第 31、第 11 近卫集团军由北面楔入明斯克，白俄罗斯第 1 方面军从南面收拢包围。第 33、第 49 集团军负责分割清剿被围集团，白俄罗斯游击队配合封锁林间小道与渡口。,forest,clear,day,500,8,1700,26,3,sov_howitzer_122|sov_katyusha|sov_smoke_screen|sov_howitzer_152,sov_tank_t34_76|sov_tank_isu152,1944 年 7 月 3 日，白俄罗斯第 3 方面军切尔尼亚霍夫斯基的部队与第 5 近卫坦克集团军突入明斯克，同日白俄罗斯第 1 方面军从南面合拢，德军第 4 集团军主力约十万人被围于明斯克以东的森林中。7 月 5 日至 11 日，苏军第 33、第 49 集团军对被围集团实施分割清剿，德军丢弃全部重装备突围，约七万人被俘。明斯克解放成为巴格拉季昂行动的高潮，也是苏军歼灭德军最大重兵集团之一，白俄罗斯几乎全境获得解放。,本关重心是『守路口、堵突围』：玩家要在明斯克以东的森林公路交叉口构筑反坦克支撑点，配合游击队封锁小道。教学点是弹药与补给管理，长时间封锁会耗尽反坦克枪弹药，必须依靠中途补给点与坦克排支援才能撑住德军夜间的集团突围。,低沉的男声合唱与远处引擎声，终章时转为明亮的胜利号角。,,77,8,4,夺取并守住明斯克以东的公路交叉口,3,"[{""id"":""obj1"",""text_zh"":""夺取并守住明斯克以东的公路交叉口"",""type"":""primary"",""required"":true,""time_limit_s"":900},{""id"":""obj2"",""text_zh"":""封锁林间小道，阻止被围德军向东突围"",""type"":""primary"",""required"":true,""time_limit_s"":null},{""id"":""obj3"",""text_zh"":""配合第 33、第 49 集团军分割清剿被围集团"",""type"":""primary"",""required"":true,""time_limit_s"":null},{""id"":""obj4"",""text_zh"":""用喀秋莎齐射覆盖投降前的德军集结地"",""type"":""secondary"",""required"":false,""time_limit_s"":null}]","{""ger_landser_rifleman"":34,""ger_ss_grenadier"":12,""ger_mg42_team"":8,""pak40"":5,""stug_iii_g"":4,""pzkpfw_iv_f2"":4,""ger_panzerfaust"":6,""ger_sniper"":4}","{""verified_events"":[""1944-07-03 苏军解放明斯克，德军第 4 集团军主力被围于城东"",""第 33、第 49 集团军对明斯克以东被围集团实施分割清剿"",""白俄罗斯游击队在德军退却路线上广泛袭扰""],""dramatized"":[""玩家炮组在公路交叉口的阵地位置为虚构"",""被俘与阵亡人数的具体分布做了概括处理""]}","{""xp"":2600,""weapon"":""captured_stg44"",""class"":null}","{""era"":1945,""weight_mult"":1.15}",obj1,夺取并守住明斯克以东的公路交叉口,primary,true,900,,,,obj2,封锁林间小道，阻止被围德军向东突围,primary,true,,obj3,配合第 33、第 49 集团军分割清剿被围集团,primary,true,,,,,obj4,用喀秋莎齐射覆盖投降前的德军集结地,secondary,false,,,,,,2600,captured_stg44,,1945,1.15,,,,,,,,,,,,,,,,,,,,,,
32,sov_32_vistula_bridgehead,10,sov_kursk_1943,维斯瓦河的桥头堡,Bridgeheads on the Vistula,1944-08-01,马格努谢夫与普瓦维渡口,Magnuszew and Pulawy Crossings,51.76N 21.38E,river_crossing,soviet,你是白俄罗斯第 1 方面军第 8 近卫集团军的一名反坦克炮长，要在维斯瓦河西岸的登陆场里架起环形火网，挡住德军装甲反击。,engineer|anti_tank|mortarman,德军在马格努谢夫与普瓦维附近集中『赫尔曼·戈林』装甲师与第 19 装甲师实施反击，用豹式、虎式与 Pak 40 沿雷杜林、瓦卡一线封锁桥头堡，并以夜间炮击破坏浮桥和渡口，白天用侦察机校射压制登陆场。,白俄罗斯第 1 方面军第 8 近卫集团军与第 69 集团军分别强渡，工兵架设浮桥输送第 2 坦克集团军。桥头堡内各步兵师编成反坦克支撑点，以 PTRD-41、45mm 与 76mm 炮构成环形火网，顶住德军装甲反击。,field,clear,night,700,9,1900,25,2,sov_howitzer_122|sov_katyusha|sov_smoke_screen|sov_il2_strafe,sov_tank_t34_76|sov_tank_isu152,1944 年 8 月 1 日，白俄罗斯第 1 方面军在罗科索夫斯基指挥下推进到维斯瓦河中游，第 8 近卫集团军在马格努谢夫、第 69 集团军在普瓦维实施强渡，工兵趁夜架设浮桥，坦克与反坦克炮随即渡河。德军以『赫尔曼·戈林』装甲师和第 19 装甲师连续反击，桥头堡一度只剩数公里纵深。苏军在登陆场内挖壕、布设反坦克炮与雷场，终于守住马格努谢夫与普瓦维两块登陆场，为 1945 年 1 月的维斯瓦—奥得河进攻准备好跳板。,维斯瓦河桥头堡的反坦克防御教学：玩家要在浮桥附近布置环形反坦克火网，用烟幕掩护架桥，并把虎式、豹式放进雷场通道后侧射。教学重点是弹药分配与阵地轮换；浮桥被炮火摧毁两次即任务失败。,夜色中的低音鼓点与沉重的弦乐，渡河号令传来时陡然明亮。,,78,8,4,夜间强渡维斯瓦河并抢占西岸登陆场,3,"[{""id"":""obj1"",""text_zh"":""夜间强渡维斯瓦河并抢占西岸登陆场"",""type"":""primary"",""required"":true,""time_limit_s"":900},{""id"":""obj2"",""text_zh"":""在桥头堡内建成环形反坦克火网"",""type"":""primary"",""required"":true,""time_limit_s"":null},{""id"":""obj3"",""text_zh"":""击退德军装甲师对马格努谢夫的连续反击"",""type"":""primary"",""required"":true,""time_limit_s"":null},{""id"":""obj4"",""text_zh"":""用烟幕掩护浮桥与后续坦克渡河"",""type"":""secondary"",""required"":false,""time_limit_s"":null}]","{""ger_landser_rifleman"":26,""ger_ss_grenadier"":16,""ger_mg42_team"":9,""pzkpfw_v_panther"":5,""pzkpfw_vi_tiger"":3,""stug_iii_g"":6,""pak40"":6,""ger_panzerfaust"":7}","{""verified_events"":[""1944 年 8 月初苏军在马格努谢夫、普瓦维地域强渡维斯瓦河建立桥头堡"",""第 8 近卫集团军与第 69 集团军是主要渡河部队，白俄罗斯第 1 方面军由罗科索夫斯基指挥"",""德军以『赫尔曼·戈林』装甲师与第 19 装甲师等部实施反击""],""dramatized"":[""玩家反坦克炮组在桥头堡内的具体阵地为虚构"",""双方反击与反反击的波次做了压缩与强化""]}","{""xp"":3000,""weapon"":null,""class"":null}","{""era"":1945,""weight_mult"":1.2}",obj1,夜间强渡维斯瓦河并抢占西岸登陆场,primary,true,900,,,,obj2,在桥头堡内建成环形反坦克火网,primary,true,,obj3,击退德军装甲师对马格努谢夫的连续反击,primary,true,,,,,obj4,用烟幕掩护浮桥与后续坦克渡河,secondary,false,,,,,,3000,,,1945,1.2,,,,,,,,,,,,,,,,,,,,,,
33,sov_33_iasi_kishinev,1,sov_berlin_1945,雅西-基什尼奥夫合围,Encirclement at Iasi-Chisinau,1944-08-20,罗马尼亚雅西,"Iasi, Romania",47.16N 27.59E,breakthrough,soviet,你是第 2 乌克兰方面军的一名突击组长，任务是在罗马尼亚第 3 集团军的纵深堑壕上撕开缺口，为坦克军打开通往普鲁特河的道路。,assault|engineer|anti_tank,罗马尼亚步兵依托巴胡卢伊河与高地修筑纵深堑壕，机枪在谷地形成交叉火力；德军督战队躲在第二线，StuG 与 Pak 40 藏在村庄和玉米地后，一旦突破口停滞便立刻反冲击。,第 2 乌克兰方面军第 27 集团军第 35 近卫步兵军担任第一梯队，第 6 坦克集团军第 5 近卫坦克军在后方待命；配属一个 152mm 榴弹炮团与 IL-2 强击机群。,field,clear,dawn,900,6,1500,24,2,sov_howitzer_122|sov_katyusha|sov_il2_strafe|sov_smoke_screen,sov_tank_t34_76,1944 年 8 月 20 日，马利诺夫斯基大将的第 2 乌克兰方面军与托尔布欣大将的第 3 乌克兰方面军从雅西西北和宾杰里以南同时发起进攻，第 6 坦克集团军随后投入突破口。罗马尼亚第 3、第 4 集团军防线两天内崩溃，8 月 24 日德军重建的第 6 集团军主力在普鲁特河以东被合围，约 18 个师被歼。8 月 23 日罗马尼亚转向同盟国。红军仅用十天便打开巴尔干门户，为进军匈牙利与南斯拉夫铺平道路。,本关教授『突破口扩张』：先炮火压制第一道堑壕，工兵在雷区开道，再呼叫坦克搭载步兵沿公路突入。失败条件是突破口在 12 分钟内被反冲击封死，或玩家被 MG42 交叉火力钉在山脊超过 90 秒。,黎明号声与低音鼓推进，庄严而克制。,,60,6,4,在炮火准备后夺取第一道堑壕,3,"[{""id"":""obj1"",""text_zh"":""在炮火准备后夺取第一道堑壕"",""type"":""primary"",""required"":true,""time_limit_s"":1200},{""id"":""obj2"",""text_zh"":""爆破雷区并在铁丝网上开辟通路"",""type"":""primary"",""required"":true,""time_limit_s"":null},{""id"":""obj3"",""text_zh"":""掩护第 6 坦克集团军先头旅进入突破口"",""type"":""primary"",""required"":true,""time_limit_s"":null},{""id"":""obj4"",""text_zh"":""摧毁村口的德军反坦克炮阵地"",""type"":""secondary"",""required"":false,""time_limit_s"":600}]","{""romanian_infantry"":24,""ger_landser_rifleman"":18,""ger_mp40_leader"":5,""ger_mg42_team"":6,""pak40"":4,""stug_iii_g"":3}","{""verified_events"":[""1944 年 8 月 20 日第 2、第 3 乌克兰方面军发起雅西-基什尼奥夫攻势"",""德军第 6 集团军主力在普鲁特河以东被合围歼灭"",""1944 年 8 月 23 日罗马尼亚退出轴心国阵营""],""dramatized"":[""玩家小组在一次战斗内完成从堑壕突破到接应坦克军的全过程"",""将德军督战队与罗马尼亚部队的协同简化为同一区段的混合防线""]}","{""xp"":1200,""weapon"":""svt40"",""class"":""medic""}","{""era"":1943,""weight_mult"":1}",obj1,在炮火准备后夺取第一道堑壕,primary,true,1200,,,,obj2,爆破雷区并在铁丝网上开辟通路,primary,true,,obj3,掩护第 6 坦克集团军先头旅进入突破口,primary,true,,,,,obj4,摧毁村口的德军反坦克炮阵地,secondary,false,600,,,,,1200,svt40,medic,1943,1,,,,,,,,,,,,,,,,,,,,,,
34,sov_34_riga_kurland,2,sov_berlin_1945,里加与库尔兰包围圈,Riga and the Kurland Pocket,1944-10-10,拉脱维亚里加,"Riga, Latvia",56.95N 24.11E,assault,soviet,你在波罗的海第 3 方面军的突击群中，从沼泽与松林间攻向里加城郊，同时听见西面海岸方向传来切断北方集团军群的消息。,engineer|assault|machine_gunner,德军把松林边缘和排水渠改造成抵抗枢纽，MG42 封锁林间通道，工兵在渡口埋设 T 型地雷；豹式坦克藏在树线后作远程火力点，只在红军炮兵转移时前出射击。,波罗的海第 3 方面军第 67 集团军与第 61 集团军的突击群，配属第 10 近卫坦克军的一个旅；突击工兵组携带 SN-42 胸甲，专司破障与巷战。,forest,rain,day,500,7,1600,26,2,sov_howitzer_152|sov_howitzer_122|engineer_assault_group|sov_guards_rifle_reinforcement,sov_tank_isu152|sov_tank_t34_76,1944 年 9 月 14 日，波罗的海第 1、第 2、第 3 方面军发起里加攻势，经一个月苦战于 10 月 13 日进入里加城区。10 月 10 日，巴格拉米扬大将的波罗的海第 1 方面军前出至帕兰加海岸，切断了德军北方集团军群与东普鲁士的联系，约 30 个师被压缩进库尔兰半岛，形成所谓库尔兰包围圈。此后红军以炮兵和航空兵反复压缩阵地，守军一直坚持到 1945 年 5 月 8 日才投降。,本关引入『沼泽地形减速与工兵破障』：泥泞与林间排水渠使负重惩罚提前生效，SN-42 胸甲带来防护但也让越野更慢。ISU-152 视野受限，必须由步兵在侧翼掩护以免被铁拳近距击毁。,雨声、低音提琴与远处炮声交织，冷峻而绵长。,,50,6,4,穿越松林沼泽夺取道加瓦河渡口,3,"[{""id"":""obj1"",""text_zh"":""穿越松林沼泽夺取道加瓦河渡口"",""type"":""primary"",""required"":true,""time_limit_s"":null},{""id"":""obj2"",""text_zh"":""用突击工兵清除街垒与地雷"",""type"":""primary"",""required"":true,""time_limit_s"":1500},{""id"":""obj3"",""text_zh"":""击退党卫军装甲掷弹兵的反冲击"",""type"":""primary"",""required"":true,""time_limit_s"":null},{""id"":""obj4"",""text_zh"":""保存渡口附近的两座铁路桥"",""type"":""secondary"",""required"":false,""time_limit_s"":null}]","{""ger_ss_grenadier"":20,""ger_landser_rifleman"":14,""ger_mg42_team"":6,""ger_pioneer"":4,""pak40"":4,""pzkpfw_v_panther"":2}","{""verified_events"":[""1944 年 10 月 10 日苏军抵达波罗的海海岸，合围北方集团军群"",""库尔兰包围圈内的德军约 30 个师被孤立"",""里加于 1944 年 10 月 13 日被苏军攻占""],""dramatized"":[""豹式坦克在松林间的固定伏击点被压缩为单一场景遭遇"",""玩家小组同时承担渡口夺取与铁路桥保存两项任务""]}","{""xp"":1400,""weapon"":""pps43"",""class"":""scout""}","{""era"":1943,""weight_mult"":1.05}",obj1,穿越松林沼泽夺取道加瓦河渡口,primary,true,,,,,obj2,用突击工兵清除街垒与地雷,primary,true,1500,obj3,击退党卫军装甲掷弹兵的反冲击,primary,true,,,,,obj4,保存渡口附近的两座铁路桥,secondary,false,,,,,,1400,pps43,scout,1943,1.05,,,,,,,,,,,,,,,,,,,,,,
35,sov_35_budapest_siege,3,sov_berlin_1945,布达佩斯围城战,Siege of Budapest,1944-12-26,匈牙利布达佩斯,"Budapest, Hungary",47.50N 19.04E,siege,soviet,你是第 2 乌克兰方面军第 18 近卫步兵军的一名突击队员，在多瑙河两岸的楼房与下水道之间逐屋推进，同时警惕城外德军的解围突击。,engineer|assault|machine_gunner,德匈守军把楼房改造成多层火力点，机枪架在二层窗口扫射街道，地窖里藏铁拳小组专打逼近的装甲；88 炮平射封锁多瑙河沿岸的宽阔马路，反冲击则由党卫军装甲掷弹兵承担。,第 2 乌克兰方面军第 46 集团军与第 18 近卫步兵军从佩斯方向进攻，第 7 近卫空降师担任巷战尖刀；突击工兵组负责爆破楼房底层与地下通道。,city,snow,dusk,300,8,1800,25,1,sov_howitzer_152|sov_katyusha|engineer_assault_group|sov_guards_rifle_reinforcement,sov_tank_isu152,1944 年 12 月 26 日，马利诺夫斯基的第 2 乌克兰方面军与托尔布欣的第 3 乌克兰方面军在埃斯泰尔戈姆附近会师，完成对布达佩斯的合围，约 7.9 万德匈守军被困。德军先后发动三次代号康拉德的解围突击，最远逼近布达城区不到 25 公里。城内逐街逐屋血战持续 102 天，第 18 近卫步兵军与第 7 近卫空降师从佩斯一侧推进，1945 年 2 月 13 日布达城堡陷落。,本关教学重点是『垂直空间与地窖威胁』：窗口机枪需要火炮或烟幕解决，地窖铁拳组必须由工兵用火焰与炸药清除。城中 152mm 火力最小安全距离为 60 米，落点过近会连带杀伤本队。,冬夜的手风琴与定音鼓，压抑中带一丝哀伤。,,70,7,4,夺取佩斯一侧的火车站街区,3,"[{""id"":""obj1"",""text_zh"":""夺取佩斯一侧的火车站街区"",""type"":""primary"",""required"":true,""time_limit_s"":null},{""id"":""obj2"",""text_zh"":""用 152mm 炮火摧毁街角的碉堡"",""type"":""primary"",""required"":true,""time_limit_s"":1400},{""id"":""obj3"",""text_zh"":""沿多瑙河桥梁推进至布达城下"",""type"":""primary"",""required"":true,""time_limit_s"":null},{""id"":""obj4"",""text_zh"":""守住侧翼以防解围部队突入"",""type"":""secondary"",""required"":false,""time_limit_s"":null}]","{""ger_ss_grenadier"":22,""ger_volkssturm"":18,""hungarian_infantry"":12,""ger_mg42_team"":7,""ger_panzerfaust"":6,""pak40"":3,""flak36_88"":2}","{""verified_events"":[""1944 年 12 月 26 日苏军完成对布达佩斯的合围"",""德军发动三次康拉德解围突击均告失败"",""1945 年 2 月 13 日布达城堡守军投降""],""dramatized"":[""把 102 天的围城压缩为一次连续推进的关卡流程"",""匈牙利部队与党卫军在同一街区混合编组以简化敌军逻辑""]}","{""xp"":1600,""weapon"":null,""class"":""mortarman""}","{""era"":1945,""weight_mult"":1.05}",obj1,夺取佩斯一侧的火车站街区,primary,true,,,,,obj2,用 152mm 炮火摧毁街角的碉堡,primary,true,1400,obj3,沿多瑙河桥梁推进至布达城下,primary,true,,,,,obj4,守住侧翼以防解围部队突入,secondary,false,,,,,,1600,,mortarman,1945,1.05,,,,,,,,,,,,,,,,,,,,,,
36,sov_36_vistula_oder,4,sov_berlin_1945,维斯瓦-奥得河攻势,Vistula-Oder Offensive,1945-01-12,波兰马格努谢夫桥头堡,"Magnuszew Bridgehead, Poland",51.75N 21.35E,breakthrough,soviet,你随白俄罗斯第 1 方面军从马格努谢夫桥头堡出发，在结冰的维斯瓦河平原上冲击德军纵深阵地，目标是把战线一直推到奥得河。,assault|anti_tank|machine_gunner,德军在雪原村落里预设反坦克炮交叉火力，88 炮负责远距点名，豹式与虎式沿硬质公路机动侧击；步兵退守砖石房屋，等红军坦克陷入泥雪后由铁拳小组近距伏击。,白俄罗斯第 1 方面军第 8 近卫集团军与第 5 突击集团军为第一梯队，第 1、第 2 近卫坦克集团军随后进入突破口；配属 152mm 重炮旅与 BM-13 火箭炮团。,field,snow,dawn,700,8,1700,24,2,sov_howitzer_152|sov_katyusha|sov_il2_strafe|engineer_assault_group,sov_tank_t34_76|sov_tank_isu152,1945 年 1 月 12 日，白俄罗斯第 1 方面军从马格努谢夫和普瓦维桥头堡发起维斯瓦-奥得河攻势。第 8 近卫集团军、第 5 突击集团军与第 1、第 2 近卫坦克集团军在二十天内推进约 500 公里，1 月 17 日解放华沙，随后越过瓦尔塔河与波兹南，1 月底前出至奥得河并夺取屈斯特林桥头堡。德军 A 集团军群损失惨重，苏军把战线从维斯瓦河直接推到柏林以东约 70 公里。,本关教学重点是『重炮反装甲与最小安全距离』：152mm 与喀秋莎能清理集结地，但弹着点 150 米内会对己方造成杀伤，因此必须先用望远镜标定目标再呼叫。虎式正面无效，要引导炮击或绕侧。,铜管齐鸣的雪原进行曲，推进感强烈。,,55,7,4,摧毁第一线德军支撑点,3,"[{""id"":""obj1"",""text_zh"":""摧毁第一线德军支撑点"",""type"":""primary"",""required"":true,""time_limit_s"":1200},{""id"":""obj2"",""text_zh"":""击退虎式与豹式坦克的反冲击"",""type"":""primary"",""required"":true,""time_limit_s"":null},{""id"":""obj3"",""text_zh"":""引导喀秋莎齐射覆盖敌军集结地"",""type"":""primary"",""required"":true,""time_limit_s"":null},{""id"":""obj4"",""text_zh"":""夺取公路交叉口的补给站"",""type"":""secondary"",""required"":false,""time_limit_s"":700}]","{""ger_landser_rifleman"":20,""ger_ss_grenadier"":16,""ger_mg42_team"":6,""pak40"":5,""flak36_88"":3,""pzkpfw_v_panther"":3,""pzkpfw_vi_tiger"":2}","{""verified_events"":[""1945 年 1 月 12 日维斯瓦-奥得河攻势自马格努谢夫与普瓦维桥头堡发起"",""1945 年 1 月 17 日苏军与波兰第 1 集团军解放华沙"",""攻势结束前苏军已进抵奥得河并夺取屈斯特林桥头堡""],""dramatized"":[""把 500 公里的纵深推进压缩为单张地图上的连续突破"",""虎式坦克在开阔雪原上的机动被限制在固定路线""]}","{""xp"":1800,""weapon"":""dp28"",""class"":null}","{""era"":1945,""weight_mult"":1.1}",obj1,摧毁第一线德军支撑点,primary,true,1200,,,,obj2,击退虎式与豹式坦克的反冲击,primary,true,,obj3,引导喀秋莎齐射覆盖敌军集结地,primary,true,,,,,obj4,夺取公路交叉口的补给站,secondary,false,700,,,,,1800,dp28,,1945,1.1,,,,,,,,,,,,,,,,,,,,,,
37,sov_37_konigsberg,5,sov_berlin_1945,柯尼斯堡要塞攻坚,Fortress Konigsberg,1945-04-06,东普鲁士柯尼斯堡,"Konigsberg, East Prussia",54.71N 20.51E,siege,soviet,你是第 11 近卫集团军突击组的一员，在晨雾中进攻东普鲁士首府的三道环形工事，眼前是装甲炮台与地下坑道组成的要塞体系。,engineer|assault|anti_tank,守军依托砖石要塞与地下通道节节抵抗，探照灯与固定机枪封锁护城壕，工兵在坑道口布置火焰陷阱；88 炮平射压制接近的突击组，弹药耗尽前不会投降。,白俄罗斯第 3 方面军第 11 近卫集团军与第 43、第 50 集团军担任主攻，配属 5000 余门火炮；突击工兵组携带炸药包与 ROKS-2 喷火器逐洞清剿。,fortress,fog,dawn,400,8,1900,26,2,sov_howitzer_152|sov_katyusha|engineer_assault_group|sov_guards_rifle_reinforcement,sov_tank_isu152,1945 年 4 月 6 日，华西列夫斯基元帅指挥的白俄罗斯第 3 方面军对东普鲁士首府柯尼斯堡发起总攻。守军为德军第 4 集团军与要塞部队约 13 万人，依托三道环形工事、装甲炮台和地下坑道抵抗。苏军投入第 11 近卫集团军与第 43、第 50 集团军，以五千余门火炮和航空兵密集轰击，4 月 9 日夜攻入市中心，城防司令拉斯签署投降书。此役成为要塞攻坚的范本，柯尼斯堡战后改名加里宁格勒。,本关教学重点是『要塞工事与喷火清洞』：混凝土工事只能用 152mm 直击或炸药包破坏，坑道内 ROKS-2 与手榴弹是唯一高效手段。工兵被动『定向爆破』可一举炸开要塞门并击晕门后守军。,雾中的低音铜管，沉重而机械。,,62,7,4,突破外围第一道环形壕沟,3,"[{""id"":""obj1"",""text_zh"":""突破外围第一道环形壕沟"",""type"":""primary"",""required"":true,""time_limit_s"":1300},{""id"":""obj2"",""text_zh"":""用爆破筒炸开要塞侧门"",""type"":""primary"",""required"":true,""time_limit_s"":null},{""id"":""obj3"",""text_zh"":""清剿地下坑道内的守军"",""type"":""primary"",""required"":true,""time_limit_s"":null},{""id"":""obj4"",""text_zh"":""夺取军械库以补充弹药"",""type"":""secondary"",""required"":false,""time_limit_s"":null}]","{""ger_volkssturm"":20,""ger_ss_grenadier"":14,""ger_landser_rifleman"":12,""ger_mg42_team"":6,""ger_pioneer"":4,""flak36_88"":3,""pak40"":3}","{""verified_events"":[""1945 年 4 月 6 日白俄罗斯第 3 方面军发起柯尼斯堡攻坚"",""守军约 13 万人依托三道环形工事防御"",""1945 年 4 月 9 日城防司令拉斯投降""],""dramatized"":[""要塞纵深的数日战斗被压缩为单一关卡的四阶段目标"",""地下坑道战的规模缩小为可探索的短距离通道""]}","{""xp"":2000,""weapon"":""roks2"",""class"":""engineer""}","{""era"":1945,""weight_mult"":1.1}",obj1,突破外围第一道环形壕沟,primary,true,1300,,,,obj2,用爆破筒炸开要塞侧门,primary,true,,obj3,清剿地下坑道内的守军,primary,true,,,,,obj4,夺取军械库以补充弹药,secondary,false,,,,,,2000,roks2,engineer,1945,1.1,,,,,,,,,,,,,,,,,,,,,,
38,sov_38_kustrin_bridgehead,6,sov_berlin_1945,库斯特林桥头堡防守,Defense of the Kustrin Bridgehead,1945-02-06,奥得河畔库斯特林,Kustrin on the Oder,52.59N 14.66E,defense,soviet,你是奥得河西岸桥头堡的守备步兵，面前是结冰的河面与德军装甲反扑，身后是等待渡河的整条方面军补给线。,machine_gunner|anti_tank|engineer,德军以炮兵先行软化河堤，再让装甲掷弹兵随豹式与三号突击炮沿冰面与公路夹击；铁拳小组贴着弹坑与灌木推进到 50 米内，专门猎杀支撑点里的反坦克火力。,白俄罗斯第 1 方面军第 5 突击集团军与第 8 近卫集团军的桥头堡守备营，配属反坦克炮兵与工兵筑垒分队；方面军炮兵群在河东岸提供火力支援。,river,snow,day,600,7,1600,26,3,sov_howitzer_152|sov_howitzer_122|sov_guards_rifle_reinforcement|sov_smoke_screen,sov_tank_t34_76,1945 年 2 月初，白俄罗斯第 1 方面军第 5 突击集团军与第 8 近卫集团军在华沙-柏林方向上逼近奥得河，2 月 2 日在屈斯特林附近夺取西岸桥头堡。德军维斯瓦集团军群以第 25 装甲师等部从法兰克福与施韦特方向连续反扑，企图拔除这个距柏林仅 70 公里的登陆场。红军工兵在冰水泥泞中加固工事，炮兵以直瞄射击抗击坦克冲击，桥头堡一直坚守到 4 月柏林总攻发起。,本关教学重点是『防御中的最小安全距离与烟幕救场』：迫击炮与 122mm 可以打退步兵，但弹着点靠近河堤时同样会伤及己方，必须用望远镜与信号弹校准；烟幕用来切断铁拳小组的接近路线。,紧绷的低音持续音，夹杂冰面碎裂声。,,57,7,4,在河堤上构筑并守住反坦克支撑点,3,"[{""id"":""obj1"",""text_zh"":""在河堤上构筑并守住反坦克支撑点"",""type"":""primary"",""required"":true,""time_limit_s"":null},{""id"":""obj2"",""text_zh"":""击退第一波装甲掷弹兵冲击"",""type"":""primary"",""required"":true,""time_limit_s"":900},{""id"":""obj3"",""text_zh"":""用炮兵压制对岸德军集结地"",""type"":""primary"",""required"":true,""time_limit_s"":null},{""id"":""obj4"",""text_zh"":""保住浮桥不被炮火摧毁"",""type"":""secondary"",""required"":false,""time_limit_s"":null}]","{""ger_ss_grenadier"":20,""ger_volkssturm"":12,""ger_mg42_team"":8,""ger_panzerfaust"":6,""pzkpfw_v_panther"":3,""stug_iii_g"":4,""pak40"":4}","{""verified_events"":[""1945 年 2 月初苏军在屈斯特林附近建立奥得河西岸桥头堡"",""德军以装甲部队多次反扑屈斯特林桥头堡"",""该桥头堡后来成为柏林战役的主要出发阵地""],""dramatized"":[""把数周的反扑与防守压缩为一场连续防御战"",""浮桥的存亡被设为可选目标以强化防守取舍""]}","{""xp"":1700,""weapon"":""ptrds41"",""class"":""anti_tank""}","{""era"":1945,""weight_mult"":1.1}",obj1,在河堤上构筑并守住反坦克支撑点,primary,true,,,,,obj2,击退第一波装甲掷弹兵冲击,primary,true,900,obj3,用炮兵压制对岸德军集结地,primary,true,,,,,obj4,保住浮桥不被炮火摧毁,secondary,false,,,,,,1700,ptrds41,anti_tank,1945,1.1,,,,,,,,,,,,,,,,,,,,,,
39,sov_39_zeelow_heights,7,sov_berlin_1945,泽洛高地探照灯夜攻,Zelew Heights: Searchlight Night Attack,1945-04-16,德国泽洛高地,"Seelow Heights, Germany",52.53N 14.38E,breakthrough,soviet,你是第 8 近卫集团军的一名突击组长，凌晨三点随探照灯光柱冲上泽洛高地，奥得河沼泽与高地反斜面的机枪火力正在等着你。,assault|engineer|machine_gunner,德军第 9 集团军把主力藏在高地反斜面，探照灯亮起时步兵仍在掩体中，待红军越过沼泽才用 MG42 与 88 炮平射收割；虎式坦克沿棱线机动射击，铁拳小组占据弹坑等待近距交战。,白俄罗斯第 1 方面军第 8 近卫集团军（崔可夫）担任正面主攻，第 1 近卫坦克集团军随后投入；方面军在 30 分钟炮火准备中动用 9000 余门火炮与迫击炮。,field,fog,night,250,9,1800,25,1,sov_howitzer_152|sov_katyusha|sov_smoke_screen|sov_guards_rifle_reinforcement,sov_tank_isu152|sov_tank_t34_76,1945 年 4 月 16 日莫斯科时间凌晨 3 时，朱可夫的白俄罗斯第 1 方面军从屈斯特林桥头堡发起柏林战役。第 8 近卫集团军正面是泽洛高地，奥得河沼泽与高地反斜面部署着德军第 9 集团军。朱可夫下令同时开启 140 部探照灯照射敌军，并以九千余门火炮轰击，但晨雾与反斜面工事使首日推进受阻，泽洛与施劳弗高地反复易手，直到 4 月 19 日才被完全突破。,夜攻教学：探照灯照亮区即敌人火力区，玩家须沿弹坑阴影前进。152mm 与喀秋莎存在最小安全距离，重炮弹着点 60 米内、喀秋莎 150 米内会直接杀伤本队，反斜面目标必须先夺棱线观察所才能校射。,探照灯扫过的刺耳弦乐与战鼓，神经紧绷。,,72,7,4,越过奥得河沼泽并夺取第一道战壕,3,"[{""id"":""obj1"",""text_zh"":""越过奥得河沼泽并夺取第一道战壕"",""type"":""primary"",""required"":true,""time_limit_s"":1200},{""id"":""obj2"",""text_zh"":""夺取棱线上的炮兵观察所"",""type"":""primary"",""required"":true,""time_limit_s"":null},{""id"":""obj3"",""text_zh"":""为 152mm 重炮标定反斜面目标"",""type"":""primary"",""required"":true,""time_limit_s"":null},{""id"":""obj4"",""text_zh"":""清除高地上的地雷与铁丝网"",""type"":""secondary"",""required"":false,""time_limit_s"":800}]","{""ger_ss_grenadier"":24,""ger_landser_rifleman"":18,""ger_mg42_team"":9,""ger_panzerfaust"":8,""pak40"":6,""flak36_88"":4,""pzkpfw_vi_tiger"":3}","{""verified_events"":[""1945 年 4 月 16 日凌晨白俄罗斯第 1 方面军发起柏林战役"",""朱可夫在泽洛高地方向使用探照灯照明助攻"",""泽洛高地防线直到 4 月 19 日才被突破""],""dramatized"":[""探照灯的照明效果被简化为玩家视野与敌人警觉的变化"",""把四天的高地争夺压缩为一夜的连续强攻""]}","{""xp"":2200,""weapon"":""maxim_m1910"",""class"":""machine_gunner""}","{""era"":1945,""weight_mult"":1.15}",obj1,越过奥得河沼泽并夺取第一道战壕,primary,true,1200,,,,obj2,夺取棱线上的炮兵观察所,primary,true,,obj3,为 152mm 重炮标定反斜面目标,primary,true,,,,,obj4,清除高地上的地雷与铁丝网,secondary,false,800,,,,,2200,maxim_m1910,machine_gunner,1945,1.15,,,,,,,,,,,,,,,,,,,,,,
40,sov_40_berlin_spandau,8,sov_berlin_1945,施潘道与策伦多夫,Spandau and Zehlendorf,1945-04-20,德国柏林施潘道与策伦多夫,"Spandau and Zehlendorf, Berlin",52.53N 13.20E,assault,soviet,你是第 3 突击集团军的一名班长，从柏林西北的施潘道工业区与南面的策伦多夫街区同时压入城郊，面前是街垒、路障和藏在楼下的铁拳手。,assault|engineer|machine_gunner,国民突击队用家具与电车车厢堆成街垒，党卫军把机枪架在楼顶与街角形成交叉火力；铁拳手藏在地下室和防空洞口，等坦克驶过路口才从背后开火，88 炮则平射封锁长直街道。,白俄罗斯第 1 方面军第 3 突击集团军与第 47 集团军从西北进攻，第 3 近卫坦克集团军从南面经策伦多夫方向楔入；ISU-152 与突击工兵配合逐楼清剿。,city,clear,day,500,9,1700,26,1,sov_howitzer_152|sov_katyusha|engineer_assault_group|sov_guards_rifle_reinforcement,sov_tank_isu152,1945 年 4 月 20 日，柏林战役进入城郊阶段。白俄罗斯第 1 方面军的第 3 突击集团军、第 47 集团军与第 2 近卫坦克集团军从东北和东南逼近柏林的施潘道、潘科一带，第 3 近卫坦克集团军则从南面经策伦多夫方向楔入市区。4 月 21 日，第 1 近卫坦克集团军的坦克炮首次轰击柏林市中心。市民被编入国民突击队，用手里的铁拳和街垒抵抗，红军只能以 ISU-152 与步兵混合编组逐个街区推进。,本关教学重点是『街垒与地下室反坦克伏击』：坦克在街道上是活靶，必须由步兵先行清屋。152mm 炮击的最小安全距离为 60 米，在街区宽度不足 40 米时呼叫重炮等于自杀；SN-42 胸甲在此几乎必带，代价是翻越街垒更慢。,工业区回响的打击乐与瓦砾声，混乱而急促。,,67,7,4,清除街垒与反坦克路障,3,"[{""id"":""obj1"",""text_zh"":""清除街垒与反坦克路障"",""type"":""primary"",""required"":true,""time_limit_s"":1200},{""id"":""obj2"",""text_zh"":""夺取施潘道运河上的桥梁"",""type"":""primary"",""required"":true,""time_limit_s"":null},{""id"":""obj3"",""text_zh"":""清剿地窖中的铁拳小组"",""type"":""primary"",""required"":true,""time_limit_s"":null},{""id"":""obj4"",""text_zh"":""保护 ISU-152 免遭近距袭击"",""type"":""secondary"",""required"":false,""time_limit_s"":null}]","{""ger_volkssturm"":22,""ger_ss_grenadier"":18,""ger_mg42_team"":8,""ger_panzerfaust"":9,""pak40"":4,""flak36_88"":4,""pzkpfw_v_panther"":2}","{""verified_events"":[""1945 年 4 月 20 日苏军炮兵首次轰击柏林市区"",""第 3 突击集团军与第 47 集团军从柏林西北方向进攻"",""国民突击队被大量投入柏林城防""],""dramatized"":[""策伦多夫方向的推进被并入同一关卡以展现南北夹击"",""铁拳伏击被集中设计为可清除的地下室点位""]}","{""xp"":2400,""weapon"":""captured_stg44"",""class"":null}","{""era"":1945,""weight_mult"":1.15}",obj1,清除街垒与反坦克路障,primary,true,1200,,,,obj2,夺取施潘道运河上的桥梁,primary,true,,obj3,清剿地窖中的铁拳小组,primary,true,,,,,obj4,保护 ISU-152 免遭近距袭击,secondary,false,,,,,,2400,captured_stg44,,1945,1.15,,,,,,,,,,,,,,,,,,,,,,
41,sov_41_berlin_ubahn,9,sov_berlin_1945,施普雷河与地铁坑道,"The Spree, the U-Bahn and the Flood Tunnels",1945-04-25,德国柏林市中心施普雷河,"Spree River, Berlin Centre",52.52N 13.40E,urban_clearing,soviet,你是第 8 近卫集团军的突击队员，在施普雷河两岸的烟尘里逐楼推进，脚下是德军用来机动的地铁隧道与防洪地道。,engineer|assault|machine_gunner,守军把隧道口、竖井与地铁站台连成地下机动网，从背后突然出现在红军已占领的街区；地面上海军与党卫军狙击手占据楼层窗口，用烟尘与瓦砾掩护射击，铁拳手则守着每个街角。,白俄罗斯第 1 方面军第 8 近卫集团军与第 3 突击集团军在施普雷河沿岸逐屋清剿，乌克兰第 1 方面军同日从南面完成会师；突击工兵组负责地下坑道与闸门爆破。,city,fog,night,150,10,1800,27,1,sov_howitzer_152|sov_smoke_screen|engineer_assault_group|sov_guards_rifle_reinforcement,sov_tank_isu152,1945 年 4 月 25 日，白俄罗斯第 1 方面军与乌克兰第 1 方面军在柏林南部的托伊皮茨和凯特钦一带会师，城内德军被分割成数块。第 8 近卫集团军与第 3 突击集团军在施普雷河沿岸逐屋争夺，德军把地铁隧道、竖井和防洪地道当作机动通道，双方在黑暗的水道里反复冲击。为切断守军的地下联系，苏军工兵在兰德韦尔运河等地段实施爆破，隧道随之进水，成为柏林战役中最黑暗的一页。,地道与烟尘教学：地铁隧道是绕过街垒的捷径，也是诡雷与反冲击的陷阱；爆破防洪闸门会永久改变地图通路，代价是可能困住本方人员。152mm 重炮最小安全距离 60 米，在此街区宽度下必须改用烟幕与工兵；SN-42 胸甲能扛住隧道内的冲锋枪弹，但爬竖井更慢。,滴水与金属回声构成的不安氛围，远处闷响不断。,,71,6,4,强渡施普雷河并夺取桥头,3,"[{""id"":""obj1"",""text_zh"":""强渡施普雷河并夺取桥头"",""type"":""primary"",""required"":true,""time_limit_s"":1200},{""id"":""obj2"",""text_zh"":""清剿地铁隧道内的守军"",""type"":""primary"",""required"":true,""time_limit_s"":null},{""id"":""obj3"",""text_zh"":""爆破防洪闸门切断敌军地下通道"",""type"":""primary"",""required"":true,""time_limit_s"":null},{""id"":""obj4"",""text_zh"":""在烟尘中保持班组联络"",""type"":""secondary"",""required"":false,""time_limit_s"":null}]","{""ger_volkssturm"":24,""ger_ss_grenadier"":20,""ger_panzerfaust"":10,""ger_mg42_team"":8,""ger_pioneer"":5,""ger_sniper"":4}","{""verified_events"":[""1945 年 4 月 25 日两个方面军在柏林南部会师，完成对市区的分割"",""德军利用地铁隧道与地下管网进行兵力和物资机动"",""苏军工兵爆破隧道与运河闸门，导致地铁区间进水""],""dramatized"":[""隧道内平民伤亡的规模与具体淹水时段未作定论，关卡只呈现灌水本身"",""把数日的地下战斗集中于一次连续通道清剿""]}","{""xp"":2500,""weapon"":null,""class"":""assault""}","{""era"":1945,""weight_mult"":1.2}",obj1,强渡施普雷河并夺取桥头,primary,true,1200,,,,obj2,清剿地铁隧道内的守军,primary,true,,obj3,爆破防洪闸门切断敌军地下通道,primary,true,,,,,obj4,在烟尘中保持班组联络,secondary,false,,,,,,2500,,assault,1945,1.2,,,,,,,,,,,,,,,,,,,,,,
42,sov_42_reichstag,10,sov_berlin_1945,国会大厦逐层争夺,"The Reichstag, Floor by Floor",1945-04-30,德国柏林国会大厦,"Reichstag, Berlin",52.5186N 13.3762E,assault,soviet,你是第 150 步兵师第 756 团的一名突击队员，在国王广场的废墟中冲向国会大厦，任务是把红旗插上被炮火熏黑的圆顶。,engineer|assault|machine_gunner,守军以党卫军为骨干、国民突击队填充，把大厦内层、地窖和屋顶平台变成多层火力网；入口被铁拳与机枪封锁，楼梯间用手榴弹反扑，狙击手从对面楼顶专门射击旗手与军官。,第 3 突击集团军第 79 步兵军的第 150 步兵师第 756 团与第 171 步兵师第 380 团担任主攻，配属 ISU-152 与 152mm 火炮直瞄射击，战斗工兵携带 SN-42 胸甲跟随突击。,city,clear,day,300,10,1500,26,0,sov_howitzer_152|sov_smoke_screen|engineer_assault_group|sov_guards_rifle_reinforcement,sov_tank_isu152,1945 年 4 月 30 日，第 3 突击集团军第 79 步兵军对国会大厦发起强攻，先头是第 150 步兵师第 756 团（团长济琴科）与第 171 步兵师第 380 团。守军由党卫军与国民突击队混合编成，依托建筑内部、地窖和屋顶顽抗。苏军把 ISU-152 与 152mm 火炮推到广场直瞄轰击，逐层用手榴弹和火焰争夺。5 月 1 日凌晨，叶戈罗夫中士与坎塔里亚下士把第 150 步兵师的红旗插上圆顶，5 月 2 日柏林守军投降。,终局攻坚教学：ISU-152 直瞄是打开底层入口的唯一手段，但装填 20 秒且射界有限，必须由步兵守住侧翼。室内 20 米交火要求频繁换位与手榴弹清角，红旗目标一旦被狙击手打断需重新夺取。,庄严的合唱主题在炮声中逐渐浮现。,,60,6,4,穿越国王广场接近大厦外墙,4,"[{""id"":""obj1"",""text_zh"":""穿越国王广场接近大厦外墙"",""type"":""primary"",""required"":true,""time_limit_s"":900},{""id"":""obj2"",""text_zh"":""摧毁国会大厦底层入口的封锁工事"",""type"":""primary"",""required"":true,""time_limit_s"":null,""condition"":""destroy_target"",""target_count"":1,""marker_x_m"":-8,""marker_y_m"":-8,""target_points"":[{""x_m"":-8,""y_m"":-8,""health"":300}]},{""id"":""obj3"",""text_zh"":""逐层清剿直至屋顶与圆顶"",""type"":""primary"",""required"":true,""time_limit_s"":null},{""id"":""obj4"",""text_zh"":""把第 150 步兵师的红旗插上圆顶"",""type"":""primary"",""required"":true,""time_limit_s"":null},{""id"":""obj5"",""text_zh"":""保护旗手免遭狙击手射击"",""type"":""secondary"",""required"":false,""time_limit_s"":null}]","{""ger_ss_grenadier"":22,""ger_volkssturm"":16,""ger_panzerfaust"":8,""ger_mg42_team"":7,""ger_pioneer"":4,""flak36_88"":3}","{""verified_events"":[""1945 年 4 月 30 日第 150 步兵师第 756 团与第 171 步兵师第 380 团强攻国会大厦"",""叶戈罗夫与坎塔里亚将第 150 步兵师红旗插上国会大厦圆顶"",""1945 年 5 月 2 日柏林城防部队投降""],""dramatized"":[""升旗的具体时间与执行人员史载略有出入，关卡采用通行的 5 月 1 日凌晨说法"",""内部战斗被压缩为连续的四层清剿流程""]}","{""xp"":3000,""weapon"":""captured_mg42"",""class"":null}","{""era"":1945,""weight_mult"":1.2}",obj1,穿越国王广场接近大厦外墙,primary,true,900,,,,obj2,摧毁国会大厦底层入口的封锁工事,primary,true,,obj3,逐层清剿直至屋顶与圆顶,primary,true,,,,,obj4,把第 150 步兵师的红旗插上圆顶,primary,true,,,,,,3000,captured_mg42,,1945,1.2,,,,,destroy_target,1,,,,-8,-8,"[{""x_m"":-8,""y_m"":-8,""health"":300}]",obj5,保护旗手免遭狙击手射击,secondary,false,,,,,,
43,sov_43_torgau_elbe,11,sov_berlin_1945,易北河畔托尔高会师,Link-up at Torgau on the Elbe,1945-04-25,德国托尔高,"Torgau, Germany",51.56N 13.00E,relief,soviet,你是第 5 近卫集团军第 58 近卫步兵师的一名侦察兵，任务不是歼灭，而是在托尔高的废墟与断桥边找到美军巡逻队并把他们安全带回东岸。,scout|medic|rifleman,城内只剩零散的国民突击队与后卫狙击手，他们不谋求守住阵地，只在桥头与楼顶零星射击，用铁拳袭击靠近断桥的车辆；真正的危险是误判对面而来的盟军巡逻队。,乌克兰第 1 方面军第 5 近卫集团军第 58 近卫步兵师的一个侦察分队，与美军第 1 集团军第 69 步兵师在易北河两岸相互接应；第 173 近卫步兵团在施特雷拉附近保持接触。,river,clear,day,900,4,1200,23,3,sov_mortar_82|sov_smoke_screen|sov_guards_rifle_reinforcement,,1945 年 4 月 25 日，乌克兰第 1 方面军第 5 近卫集团军第 58 近卫步兵师在易北河畔托尔高附近与美军第 1 集团军第 69 步兵师率先会师，双方士兵在托尔高废墟和断裂的易北河桥头相遇。同一天，苏军第 173 近卫步兵团在施特雷拉附近再次与美军接触。这次会师把德军在南北方向上彻底割裂，东线与西线战场从此连成一体，也成为欧洲战场胜利前最著名的象征性时刻之一。,情绪与识别教学：本关敌人密度极低，核心是敌我识别与护送。玩家携带不发光的信号旗，必须在 50 米外确认对方身份再开火；误伤盟军会立即判定失败。这是全战役唯一的低强度抒情关。,单簧管与手风琴的温暖主题，短暂而明亮的喘息。,,27,5,3,肃清托尔高城内的零星抵抗,3,"[{""id"":""obj1"",""text_zh"":""肃清托尔高城内的零星抵抗"",""type"":""primary"",""required"":true,""time_limit_s"":null},{""id"":""obj2"",""text_zh"":""在易北河断桥处与美军会合"",""type"":""primary"",""required"":true,""time_limit_s"":900},{""id"":""obj3"",""text_zh"":""护送美军联络组安全返回"",""type"":""primary"",""required"":true,""time_limit_s"":null},{""id"":""obj4"",""text_zh"":""不误伤任何盟军人员"",""type"":""secondary"",""required"":false,""time_limit_s"":null}]","{""ger_volkssturm"":12,""ger_landser_rifleman"":8,""ger_panzerfaust"":3,""ger_mg42_team"":2,""ger_sniper"":2}","{""verified_events"":[""1945 年 4 月 25 日苏军第 58 近卫步兵师与美军第 69 步兵师在托尔高会师"",""同日苏军第 173 近卫步兵团在施特雷拉附近与美军接触"",""易北河会师将德军南北两个集团割裂""],""dramatized"":[""把跨越易北河的联络过程设计为护送任务"",""城内残余抵抗的规模为关卡节奏作了缩减""]}","{""xp"":900,""weapon"":null,""class"":null}","{""era"":1945,""weight_mult"":0.9}",obj1,肃清托尔高城内的零星抵抗,primary,true,,,,,obj2,在易北河断桥处与美军会合,primary,true,900,obj3,护送美军联络组安全返回,primary,true,,,,,obj4,不误伤任何盟军人员,secondary,false,,,,,,900,,,1945,0.9,,,,,,,,,,,,,,,,,,,,,,
44,sov_44_prague_offensive,12,sov_berlin_1945,布拉格最后攻势,The Prague Offensive,1945-05-06,捷克斯洛伐克布拉格,"Prague, Czechoslovakia",50.08N 14.44E,breakthrough,soviet,你是乌克兰第 1 方面军近卫坦克集团军的一名搭载步兵，翻越厄尔士山脉向布拉格急进，去接应正在起义的布拉格市民与被困的盟军战俘。,assault|anti_tank|machine_gunner,德军中央集团军群的后卫沿山地公路设伏，把 Pak 40 与机枪架在弯道内侧，工兵预先在桥梁与隧道装药准备爆破；他们不求守住，只求拖住红军直到主力向西撤退。,乌克兰第 1 方面军第 4 近卫坦克集团军与第 3 近卫坦克集团军担任主攻矛头，第 2、第 4 乌克兰方面军从东面协同；捷克起义者控制着布拉格的部分街区与广播电台。,field,clear,day,800,8,1700,24,2,sov_katyusha|sov_howitzer_122|sov_il2_strafe|sov_guards_rifle_reinforcement,sov_tank_t34_76|sov_tank_isu152,1945 年 5 月 5 日布拉格市民起义，5 月 6 日乌克兰第 1 方面军的第 4 近卫坦克集团军与第 3 近卫坦克集团军从德累斯顿方向翻越厄尔士山脉南下，第 2、第 4 乌克兰方面军同时从东面推进。5 月 9 日凌晨坦克进入布拉格，这是欧洲战场最后一次大规模进攻。德军中央集团军群约 86 万人在布拉格以东被合围，直到 5 月 11 日才停止抵抗。5 月 9 日后来被定为苏联卫国战争胜利日。,收官关教学重点是『胜利前夕的授权火力』：喀秋莎与 IL-2 全数可用，但山地公路狭窄、最小安全距离 150 米极易误伤，玩家必须在推进节奏与呼叫火力之间取舍。可选目标是保住桥梁，为战后叙事留出余韵。,辽阔的合唱与渐强的进行曲，带着胜利与疲惫。,,70,7,4,穿越厄尔士山脉隘口,3,"[{""id"":""obj1"",""text_zh"":""穿越厄尔士山脉隘口"",""type"":""primary"",""required"":true,""time_limit_s"":null},{""id"":""obj2"",""text_zh"":""击穿德军后卫的公路封锁线"",""type"":""primary"",""required"":true,""time_limit_s"":1200},{""id"":""obj3"",""text_zh"":""与布拉格起义者建立联系"",""type"":""primary"",""required"":true,""time_limit_s"":null},{""id"":""obj4"",""text_zh"":""摧毁伏尔塔瓦河桥梁上的爆破装置，阻止德军炸桥"",""type"":""secondary"",""required"":false,""time_limit_s"":null,""condition"":""destroy_target"",""target_count"":1,""marker_x_m"":12,""marker_y_m"":8,""target_points"":[{""x_m"":12,""y_m"":8,""health"":160,""name_zh"":""伏尔塔瓦河桥爆破装置""}]}]","{""ger_ss_grenadier"":20,""ger_landser_rifleman"":18,""ger_volkssturm"":14,""ger_mg42_team"":6,""ger_panzerfaust"":5,""pak40"":4,""stug_iii_g"":3}","{""verified_events"":[""1945 年 5 月 5 日布拉格爆发反德起义"",""1945 年 5 月 6 日苏军发起布拉格攻势，5 月 9 日进入布拉格"",""德军中央集团军群主力在布拉格以东被围，5 月 11 日停止抵抗""],""dramatized"":[""翻越厄尔士山脉的三天行程被压缩为单张地图上的连续突破"",""起义者与红军的具体联络细节作了情节化处理""]}","{""xp"":2800,""weapon"":""captured_kar98k"",""class"":null}","{""era"":1945,""weight_mult"":1.15}",obj1,穿越厄尔士山脉隘口,primary,true,,,,,obj2,击穿德军后卫的公路封锁线,primary,true,1200,obj3,与布拉格起义者建立联系,primary,true,,,,,obj4,摧毁伏尔塔瓦河桥梁上的爆破装置，阻止德军炸桥,secondary,false,,destroy_target,,12,8,2800,captured_kar98k,,1945,1.15,,,,,,,,1,,,,,,,,,,"[{""x_m"":12,""y_m"":8,""health"":160,""name_zh"":""伏尔塔瓦河桥爆破装置""}]",,,,
45,us_45_omaha_beach,1,us_western_1945,血染奥马哈滩头,Bloody Omaha Beach,1944-06-06,法国诺曼底科勒维尔滨海,"Colleville-sur-Mer, Omaha Beach, Normandy",49.36N 0.86W,amphibious,us,你是第 1 步兵师第 16 步兵团的一名步枪手，跳板放下的一刻就要冲进德军的交叉火网。,rifleman|engineer|medic,德军第 352 步兵师把机枪与迫击炮布置在滩后斜坡的‘抵抗巢’里，形成从两翼射向潮线的交叉火网；88mm 炮从内陆高地直射登陆艇，工兵在退潮区布下密集的桩柱、地雷与铁刺猬。,第 1 步兵师第 16、第 18 步兵团与第 29 步兵师第 116 步兵团在 Dog Green 至 Fox Green 滩段逐波登陆，第 5 游骑兵营攀爬奥克角，第 741 坦克营的水陆坦克与舰炮火力提供仅有支援。海军舰炮按呼叫持续压制滩后目标。,river,fog,dawn,300,8,1700,26,1,us_105_howitzer|us_bazooka_team_attach,,1944 年 6 月 6 日拂晓 6 时 30 分，美军第 1 步兵师‘大红一师’与第 29 步兵师在奥马哈海滩登陆，即‘血腥奥马哈’。第 116 步兵团在 Dog Green 滩段遭德军第 352 步兵师机枪与迫击炮交叉压制，第 741 坦克营的水陆坦克多数在离岸前沉没，工兵在潮线障碍中伤亡惨重。第 5 游骑兵营攀上奥克角悬崖摧毁 155mm 炮台。至黄昏，第 1 师以约 2400 人伤亡的代价只向内陆推进约两公里，在滩头勉强站稳脚跟。滩头两侧的悬崖与海堤构成天然机枪射界。,本关教学『登陆阶段与潮汐机制』：跳板放下后 30 秒内必须冲出浅水，否则被机枪持续压制，上涨的潮水还会淹没倒地位置。工兵铲可在沙丘下挖出临时掩蔽，炸药包是唯一能破障的装备。失败条件是三波登陆艇用尽仍未建立滩头。,低沉的军号与海浪轰鸣下紧绷的弦乐,,32,7,2,穿越潮线障碍与雷区，抵达海堤下的死角与反坦克壕,2,"[{""id"":""obj1"",""text_zh"":""穿越潮线障碍与雷区，抵达海堤下的死角与反坦克壕"",""type"":""primary"",""required"":true,""time_limit_s"":600,""condition"":""reach_location"",""radius_m"":4,""marker_x_m"":-23,""marker_y_m"":12},{""id"":""obj2"",""text_zh"":""用炸药包清除 Dog Green 出口两侧的 MG42 碉堡"",""type"":""primary"",""required"":true,""time_limit_s"":null},{""id"":""obj3"",""text_zh"":""呼叫 105mm 火力压制 E-3 出口后方的迫击炮阵地"",""type"":""secondary"",""required"":false,""time_limit_s"":null},{""id"":""obj4"",""text_zh"":""与在奥克角攀崖的第 5 游骑兵营建立通讯联络"",""type"":""secondary"",""required"":false,""time_limit_s"":null}]","{""ger_landser_rifleman"":16,""ger_mg42_team"":5,""ger_mp40_leader"":3,""ger_sniper"":2,""ger_pioneer"":2,""pak40"":2,""flak36_88"":2}","{""verified_events"":[""1944 年 6 月 6 日美军第 1 步兵师与第 29 步兵师在奥马哈海滩登陆"",""第 741 坦克营的 DD 水陆坦克在离岸处大量沉没"",""第 5 游骑兵营攀爬奥克角悬崖攻击 155mm 炮台""],""dramatized"":[""玩家班组穿越潮线障碍的具体路线与时间被压缩"",""‘抵抗巢’内敌军数量按可玩性调整""]}","{""xp"":1000,""weapon"":""m1_garand"",""class"":null}","{""era"":1943,""weight_mult"":1.05}",obj1,穿越潮线障碍与雷区，抵达海堤下的死角与反坦克壕,primary,true,600,reach_location,,4,obj2,用炸药包清除 Dog Green 出口两侧的 MG42 碉堡,primary,true,,obj3,呼叫 105mm 火力压制 E-3 出口后方的迫击炮阵地,secondary,false,,,,,obj4,与在奥克角攀崖的第 5 游骑兵营建立通讯联络,secondary,false,,,,,,1000,m1_garand,,1943,1.05,,,,,,,,,,,,,,,,,,,-23,12,,
46,us_46_carentan_purple_heart,2,us_western_1945,卡朗唐与紫心小道,Carentan and Purple Heart Lane,1944-06-12,法国卡朗唐与圣科姆迪蒙,"Carentan and Saint-Côme-du-Mont, Normandy",49.30N 1.25W,assault,us,你是第 101 空降师第 506 伞降步兵团的一名伞兵，沿完全暴露的堤道向卡朗唐推进。,rifleman|assault|scout,德军第 6 伞兵团把 FG42 与机枪架在堤道两侧树线和农舍二层，专打暴露在灌木之间的美军；工兵在紫心小道上埋设 S 雷与绊发雷，迫击炮按标定诸元封锁渡口，装甲掷弹兵随时准备反击。,第 101 空降师第 506 伞降步兵团三个营沿堤道进攻，第 502 团在圣科姆迪蒙正面牵制，第 327 滑翔机步兵团与第 70 坦克营随后跟进，师属第 321 野战炮兵营提供火力支援。,village,clear,day,700,7,1500,26,2,us_105_howitzer|us_155_heavy|us_p47_strike|us_bazooka_team_attach,,1944 年 6 月 12 日，第 101 空降师第 506 伞降步兵团在辛克上校率领下沿‘紫心小道’（Purple Heart Lane）向卡朗唐推进，第 502 步兵团同时在圣科姆迪蒙与德军第 6 伞兵团争夺杜沃河渡口。6 月 13 日，德军第 17 装甲掷弹兵师在卡朗唐西南的 30 号高地发起反冲击，第 506 团 E 连在缺少炮火支援的情况下死守，史称‘血腥峡谷’之战。卡朗唐的夺取使犹他与奥马哈两个滩头连成一片。卡朗唐是连接两个登陆滩头的咽喉，德军第 6 伞兵团在此死守。,本关教学『烟幕与班组跃进』：堤道两侧完全暴露在机枪射界内，必须用 AN-M8 发烟手榴弹分段遮蔽，再让班组交替冲刺到下一个掩体；巴祖卡小组只有在侧翼掩护下才能击退三号突击炮。失败条件是 30 号高地被反冲击夺回。,手风琴与教堂钟声交织的紧张行军曲,,34,7,4,沿紫心小道堤道推进，夺取杜沃河上的铁路桥,3,"[{""id"":""obj1"",""text_zh"":""沿紫心小道堤道推进，夺取杜沃河上的铁路桥"",""type"":""primary"",""required"":true,""time_limit_s"":900},{""id"":""obj2"",""text_zh"":""肃清圣科姆迪蒙外围的德军伞兵据点"",""type"":""primary"",""required"":true,""time_limit_s"":null},{""id"":""obj3"",""text_zh"":""用 AN-M8 烟幕掩护班组跃进，压制磨坊方向的 MG42"",""type"":""secondary"",""required"":false,""time_limit_s"":null},{""id"":""obj4"",""text_zh"":""守住 30 号高地，击退德军装甲掷弹兵的反冲击"",""type"":""primary"",""required"":true,""time_limit_s"":null}]","{""ger_fallschirmjager"":12,""ger_mg42_team"":4,""ger_ss_grenadier"":8,""ger_mp40_leader"":3,""ger_panzerfaust"":3,""stug_iii_g"":2,""ger_sniper"":2}","{""verified_events"":[""1944 年 6 月 12 日第 101 空降师第 506 伞降步兵团进攻卡朗唐"",""德军第 6 伞兵团在圣科姆迪蒙与杜沃河一线抵抗"",""6 月 13 日德军第 17 装甲掷弹兵师在卡朗唐西南发动反冲击""],""dramatized"":[""紫心小道上的数次战斗被压缩为一次关卡推进"",""敌军规模按可玩性调整""]}","{""xp"":1100,""weapon"":null,""class"":""scout""}","{""era"":1943,""weight_mult"":1}",obj1,沿紫心小道堤道推进，夺取杜沃河上的铁路桥,primary,true,900,,,,obj2,肃清圣科姆迪蒙外围的德军伞兵据点,primary,true,,obj3,用 AN-M8 烟幕掩护班组跃进，压制磨坊方向的 MG42,secondary,false,,,,,obj4,守住 30 号高地，击退德军装甲掷弹兵的反冲击,primary,true,,,,,,1100,,scout,1943,1,,,,,,,,,,,,,,,,,,,,,,
47,us_47_cherbourg_fortress,3,us_western_1945,瑟堡要塞攻坚,Cherbourg Fortress Assault,1944-06-22,法国瑟堡,"Cherbourg, Cotentin Peninsula, France",49.64N 1.62W,siege,us,你是第 79 步兵师的一名战斗工兵，任务是在混凝土炮台下炸开一条通路。,engineer|rifleman|machine_gunner,德军第 709 步兵师与要塞炮兵依托钢筋混凝土炮台、地下坑道与雷场节节抵抗，海军岸炮与 88mm 高平两用炮封锁接近路，工兵退却时布下地雷与绊索照明弹，并用喷火器反扑坑道口。,柯林斯少将指挥的美军第 7 军以第 4、第 9、第 79 步兵师自南向北推进，第 79 师正面强攻鲁尔要塞，军属炮兵与舰炮火力压制岸防炮台，工兵营逐堡实施爆破。海军舰炮亦参与压制。,fortress,rain,day,400,8,1800,28,2,us_105_howitzer|us_155_heavy|us_bazooka_team_attach,us_sherman_platoon,1944 年 6 月 22 日，柯林斯少将指挥第 7 军向科唐坦半岛根部发起总攻，切断瑟堡与后方的联系。第 4、第 9、第 79 步兵师自南向北推进，德军第 709 步兵师与要塞守备队在冯·施利本中将指挥下依托混凝土炮台抵抗。6 月 26 日美军突入瑟堡城区，第 79 师在鲁尔要塞展开逐堡争夺。6 月 29 日冯·施利本投降，大西洋壁垒的重要军港落入美军之手，但港口设施已被德军彻底破坏。美军以舰炮与工兵爆破逐堡推进，战斗持续整整一周。,本关教学『要塞攻坚与工兵破障』：正面冲击混凝土炮台只会送命，须先用 155mm 火力削平射界，再由工兵以爆破筒与喷火器清剿坑道出口。补给点固定，28kg 的重装配置会拖慢坑道内机动。失败条件是在坑道内被德军火焰封死。,厚重的低音铜管与雨点般的军鼓,,39,8,3,突破瑟堡城南的混凝土筑垒带,2,"[{""id"":""obj1"",""text_zh"":""突破瑟堡城南的混凝土筑垒带"",""type"":""primary"",""required"":true,""time_limit_s"":1200},{""id"":""obj2"",""text_zh"":""用 155mm 火力与炸药包摧毁鲁尔要塞炮台"",""type"":""primary"",""required"":true,""time_limit_s"":null},{""id"":""obj3"",""text_zh"":""夺取港口设施，阻止德军彻底破坏船坞"",""type"":""secondary"",""required"":false,""time_limit_s"":null},{""id"":""obj4"",""text_zh"":""切断要塞地下坑道的联络，孤立守军指挥所"",""type"":""secondary"",""required"":false,""time_limit_s"":null}]","{""ger_landser_rifleman"":14,""ger_mg42_team"":6,""ger_pioneer"":4,""ger_mp40_leader"":4,""pak40"":4,""flak36_88"":3,""ger_sniper"":2,""sdkfz_222"":2}","{""verified_events"":[""1944 年 6 月 22 日第 7 军开始向科唐坦半岛根部进攻"",""第 4、第 9、第 79 步兵师参与瑟堡作战"",""1944 年 6 月 29 日瑟堡守军投降""],""dramatized"":[""‘切断坑道联络’作为可选目标出现"",""港口被破坏的程度被简化处理""]}","{""xp"":1300,""weapon"":null,""class"":""engineer""}","{""era"":1943,""weight_mult"":1.1}",obj1,突破瑟堡城南的混凝土筑垒带,primary,true,1200,,,,obj2,用 155mm 火力与炸药包摧毁鲁尔要塞炮台,primary,true,,obj3,夺取港口设施，阻止德军彻底破坏船坞,secondary,false,,,,,obj4,切断要塞地下坑道的联络，孤立守军指挥所,secondary,false,,,,,,1300,,engineer,1943,1.1,,,,,,,,,,,,,,,,,,,,,,
48,us_48_saint_lo_bocage,4,us_western_1945,圣洛与灌木篱墙,Saint-Lô and the Bocage,1944-07-11,法国圣洛与佩里耶公路,"Saint-Lô and the Périers Road, Normandy",49.12N 1.09W,assault,us,你是第 29 步兵师的一名步兵，在诺曼底灌木篱墙间逐块田向前爬行。,rifleman|engineer|sniper,德军把每片树篱根部挖通成机枪巢，Pak40 反坦克炮藏在田角并以伪装网遮蔽，只在最有效的距离开火；迫击炮按标定诸元覆盖田块间的缺口，散兵潜伏在苹果园里袭击美军侧后。,第 29 步兵师与第 35 步兵师并肩向圣洛推进，第 2 装甲师提供坦克支援，第 102 骑兵侦察队的‘犀牛’改装坦克在前开路，师属炮兵以 105mm 急促射压制树篱火力点。工兵逐段清除雷场与铁丝网障碍。,field,mud,day,500,8,1700,25.5,3,us_105_howitzer|us_bazooka_team_attach,us_sherman_platoon,1944 年 7 月，第 29 步兵师与第 35 步兵师在圣洛外围的灌木篱墙间逐块田推进，德军把每片树篱都改造成机枪与 Pak40 的支撑点。为破解篱墙，第 29 师第 102 骑兵侦察队的卡林中士在坦克推土铲上焊出钢齿，造出‘犀牛’坦克切开树篱为步兵开路。7 月 18 日圣洛陷落，全城几成废墟，美军称之为‘废墟之都’，此前的推进每公里都要付出数百人伤亡。每推进一块田地都要先用迫击炮与机枪压制树篱后的火力点，伤亡极为惨重。,本关教学『灌木篱墙战术』：正面走进田块必被机枪横扫，必须贴住树篱根部逐段跃进，用 AN-M8 烟幕切断德军观察，再让‘犀牛’坦克开口；巴祖卡与炸药包负责清除田角的反坦克炮。失败条件是弹药耗尽仍在同一片田块反复冲击。,闷热的弦乐与履带碾过树篱的节奏,,36,7,2,掩护‘犀牛’坦克切开树篱，逐块田推进至圣洛城郊,2,"[{""id"":""obj1"",""text_zh"":""掩护‘犀牛’坦克切开树篱，逐块田推进至圣洛城郊"",""type"":""primary"",""required"":true,""time_limit_s"":1400},{""id"":""obj2"",""text_zh"":""夺取并守住佩里耶公路的交叉口"",""type"":""primary"",""required"":true,""time_limit_s"":null},{""id"":""obj3"",""text_zh"":""用烟幕掩护侧翼，清除藏在田角的 Pak40"",""type"":""secondary"",""required"":false,""time_limit_s"":null},{""id"":""obj4"",""text_zh"":""呼叫 105mm 火力压制德军迫击炮阵地"",""type"":""secondary"",""required"":false,""time_limit_s"":null}]","{""ger_landser_rifleman"":15,""ger_mg42_team"":5,""ger_panzerfaust"":4,""ger_mp40_leader"":4,""ger_sniper"":3,""pak40"":3,""stug_iii_g"":2}","{""verified_events"":[""1944 年 7 月美军在圣洛外围的灌木篱墙地区苦战"",""第 29 步兵师第 102 骑兵侦察队的‘犀牛’坦克切开树篱"",""圣洛于 1944 年 7 月 18 日陷落""],""dramatized"":[""卡林中士改装坦克的时点在关卡中被提前数日"",""德军各炮位位置为关卡设计""]}","{""xp"":1200,""weapon"":""bazooka_m1a1"",""class"":null}","{""era"":1943,""weight_mult"":1.05}",obj1,掩护‘犀牛’坦克切开树篱，逐块田推进至圣洛城郊,primary,true,1400,,,,obj2,夺取并守住佩里耶公路的交叉口,primary,true,,obj3,用烟幕掩护侧翼，清除藏在田角的 Pak40,secondary,false,,,,,obj4,呼叫 105mm 火力压制德军迫击炮阵地,secondary,false,,,,,,1200,bazooka_m1a1,,1943,1.05,,,,,,,,,,,,,,,,,,,,,,
49,us_49_operation_cobra,5,us_western_1945,眼镜蛇行动突破,Operation Cobra Breakout,1944-07-25,法国圣洛以西马里尼,"Marigny, west of Saint-Lô, Normandy",49.09N 1.20W,breakthrough,us,你是第 4 步兵师的一名步枪手，紧跟谢尔曼坦克穿过重轰炸机炸开的缺口。,rifleman|anti_tank|machine_gunner,德军第 84 军以残存步兵与突击炮在树线后构筑临时防线，Pak40 与铁拳小组埋伏在麦田和果园里，豹式与四号坦克从预备阵地向突破口侧翼反击，并以火箭炮与迫击炮覆盖公路交叉口。,布莱德雷中将的第 1 集团军以柯林斯的第 7 军为矛头，第 1、第 4、第 9 步兵师打开缺口，第 2、第 3 装甲师沿公路向阿夫朗什突击，第 19 战术空军司令部的 P-47 提供空中支援。,field,clear,day,900,7,1800,26,4,us_105_howitzer|us_155_heavy|us_p47_strike|us_sherman_platoon,us_sherman_platoon|pzkpfw_iv_f2,1944 年 7 月 25 日，布莱德雷中将在圣洛以西发动‘眼镜蛇行动’，约 1800 架重轰炸机为第 7 军开辟突破口，其中一批炸弹短投在美军阵地上，造成莱斯利·麦克奈尔中将阵亡。柯林斯的第 7 军以第 1、第 4、第 9 步兵师打开缺口，第 2、第 3 装甲师随后涌入科唐坦以西的开阔地。突破成功后，美军装甲纵队一周内推进至阿夫朗什，诺曼底防线被彻底撕开。德军防线被撕开后，装甲师沿乡间公路高速推进，德军再也无法组织起连贯的防御。,本关教学『装甲步兵协同与空袭风险』：弹幕落地后要立刻跟进坦克，落后一步德军就会重新占领弹坑；P-47 只在晴朗天气可呼叫且需要标记目标，误落在友军附近会造成真实伤害。谢尔曼正面无法对抗豹式，须用烟幕掩护侧翼机动。,铜管齐鸣的行进曲，伴随飞机俯冲的轰鸣,,50,8,4,在轰炸烟尘中跟进坦克，穿过突破口,3,"[{""id"":""obj1"",""text_zh"":""在轰炸烟尘中跟进坦克，穿过突破口"",""type"":""primary"",""required"":true,""time_limit_s"":900},{""id"":""obj2"",""text_zh"":""夺取马里尼与圣吉尔之间的公路交叉口"",""type"":""primary"",""required"":true,""time_limit_s"":null},{""id"":""obj3"",""text_zh"":""引导 P-47 打击德军装甲集结地"",""type"":""secondary"",""required"":false,""time_limit_s"":null},{""id"":""obj4"",""text_zh"":""保障装甲纵队侧翼，阻止德军从树线反击"",""type"":""primary"",""required"":true,""time_limit_s"":null}]","{""ger_landser_rifleman"":18,""ger_mg42_team"":5,""ger_ss_grenadier"":8,""ger_panzerfaust"":5,""pak40"":5,""stug_iii_g"":4,""pzkpfw_iv_f2"":3,""pzkpfw_v_panther"":2}","{""verified_events"":[""1944 年 7 月 25 日美军在圣洛以西发动眼镜蛇行动"",""柯林斯的第 7 军打开突破口后第 2、第 3 装甲师投入"",""莱斯利·麦克奈尔中将在此次轰炸的短投中阵亡""],""dramatized"":[""P-47 的呼叫流程被简化为一次支援呼叫"",""德军预备队投入的时点按关卡节奏调整""]}","{""xp"":1500,""weapon"":null,""class"":""anti_tank""}","{""era"":1945,""weight_mult"":1.1}",obj1,在轰炸烟尘中跟进坦克，穿过突破口,primary,true,900,,,,obj2,夺取马里尼与圣吉尔之间的公路交叉口,primary,true,,obj3,引导 P-47 打击德军装甲集结地,secondary,false,,,,,obj4,保障装甲纵队侧翼，阻止德军从树线反击,primary,true,,,,,,1500,,anti_tank,1945,1.1,,,,,,,,,,,,,,,,,,,,,,
50,us_50_mortain_hill_317,6,us_western_1945,莫尔坦 317 高地死守,Mortain: Hold Hill 317,1944-08-07,法国莫尔坦,"Mortain, Normandy, France",48.65N 0.94W,defense,us,你是第 30 步兵师的一名反坦克兵，被合围在高地上，只能用巴祖卡和无线电挡住德军装甲师。,anti_tank|machine_gunner|rifleman,党卫军第 1、第 2 装甲师以豹式与虎式掩护装甲掷弹兵沿公路和林间小路轮番冲击，铁拳小组贴着树线接近反坦克炮位，88mm 炮与迫击炮压制高地上的火力点，夜间以半履带车运兵渗透。,第 30 步兵师第 120 步兵团第 2 营被合围于 317 号高地，第 117 与第 119 步兵团在外围抵抗，师属炮兵与第 823 坦克歼击营提供火力，P-47 战斗机按无线电引导攻击山下队形。炮兵观察员在高地上坚持呼叫火力。,village,clear,day,800,9,1900,27,2,us_105_howitzer|us_p47_strike|us_bazooka_team_attach,us_sherman_platoon|pzkpfw_v_panther,1944 年 8 月 7 日，德军发动‘吕蒂希行动’，集中党卫军第 1、第 2 装甲师等部队猛攻莫尔坦，企图切断美军向布列塔尼的突击。第 30 步兵师第 120 步兵团第 2 营在 317 号高地被合围，靠无线电引导炮兵与空投补给坚持六天，被称为‘失落营’。该师在莫尔坦周围以巴祖卡、反坦克炮与 P-47 轰炸阻滞德军装甲纵队，德军未能突破，反攻以损失大批坦克告终。第 30 步兵师的炮兵观察员在山上坚持呼叫火力，为盟军争取到重新部署的时间。,本关教学『反坦克支撑点与炮兵引导』：把巴祖卡、反坦克炮与机枪组成互相掩护的交叉火网，等坦克进入 150m 内再打侧后；观察员必须保持视线才能让 105mm 与 P-47 命中山下队形，观察员阵亡将立即失去炮火支援。防线被突破即告失败。,压抑的定音鼓与逐步升高的弦乐,,39,8,3,在 317 高地构筑反坦克支撑点,3,"[{""id"":""obj1"",""text_zh"":""在 317 高地构筑反坦克支撑点"",""type"":""primary"",""required"":true,""time_limit_s"":600},{""id"":""obj2"",""text_zh"":""用巴祖卡与反坦克炮击退豹式与虎式的轮番冲锋"",""type"":""primary"",""required"":true,""time_limit_s"":null},{""id"":""obj3"",""text_zh"":""以无线电引导 105mm 炮火与 P-47 空袭装甲纵队"",""type"":""primary"",""required"":true,""time_limit_s"":null},{""id"":""obj4"",""text_zh"":""守住通往阿夫朗什的公路，直到援军打通"",""type"":""secondary"",""required"":false,""time_limit_s"":null}]","{""ger_ss_grenadier"":14,""pzkpfw_v_panther"":4,""pzkpfw_vi_tiger"":2,""stug_iii_g"":3,""ger_panzerfaust"":6,""ger_mg42_team"":4,""sdkfz_251"":3,""pak40"":3}","{""verified_events"":[""1944 年 8 月 7 日德军发动吕蒂希行动进攻莫尔坦"",""第 30 步兵师第 120 步兵团第 2 营在 317 号高地被合围"",""美军以炮兵与空中支援阻止了德军突破""],""dramatized"":[""‘失落营’六天的坚守被压缩为一关"",""虎式与豹式的出现数量按可玩性调整""]}","{""xp"":1600,""weapon"":""bar_m1918a2"",""class"":null}","{""era"":1945,""weight_mult"":1.15}",obj1,在 317 高地构筑反坦克支撑点,primary,true,600,,,,obj2,用巴祖卡与反坦克炮击退豹式与虎式的轮番冲锋,primary,true,,obj3,以无线电引导 105mm 炮火与 P-47 空袭装甲纵队,primary,true,,,,,obj4,守住通往阿夫朗什的公路，直到援军打通,secondary,false,,,,,,1600,bar_m1918a2,,1945,1.15,,,,,,,,,,,,,,,,,,,,,,
51,us_51_falaise_pocket,7,us_western_1945,法莱斯口袋收口,Closing the Falaise Pocket,1944-08-16,法国阿让唐与尚布瓦,"Argentan and Chambois, Normandy",48.79N 0.15W,breakthrough,us,你是第 2 装甲师的一名坦克搭载步兵，任务是封死法莱斯口袋唯一的出口。,anti_tank|rifleman|medic,被围德军以掷弹兵、伞兵与残留装甲车辆组成突围纵队，沿公路和田地昼夜冲击美军阵地；沿途丢弃的车辆与牲畜阻塞道路，后卫用 Pak40 和铁拳小组在树线阻击，并试图从美军与波兰军结合部挤出去。,第 2 装甲师与第 4 步兵师自阿让唐北上，第 90 步兵师与波兰第 1 装甲师从北面合拢，军属 155mm 重炮与 P-47 战斗机封锁尚布瓦走廊，侦察机负责报告纵队位置。两个军的分界线靠烟雾与信号弹标示。,field,clear,day,800,7,1700,26.5,4,us_105_howitzer|us_155_heavy|us_p47_strike|us_sherman_platoon,us_sherman_platoon|pzkpfw_v_panther,1944 年 8 月 16 日，盟军向法莱斯—尚布瓦口袋收口。美军第 2 装甲师与第 4 步兵师自阿让唐北上，波兰第 1 装甲师与加拿大部队自北面南下，布莱德雷曾因担心友军误击而令巴顿在阿让唐止步。8 月 19 日至 21 日，德军约十个师试图从尚布瓦走廊突围，在美军炮兵与战斗机轰炸下损失惨重。口袋合拢后德军在诺曼底被俘约五万人，这条走廊被称为‘死亡走廊’。布莱德雷的谨慎与巴顿的急躁在阿让唐一线形成僵局，口袋最终靠南北合围才被封死。,本关教学『走廊封锁与火力识别』：不要追击每一股突围部队，先把炮火与坦克炮对准公路两侧的杀伤区；155mm 与 P-47 只能落在指定网格，越界命中友军即计入失败条件。守住尚布瓦是唯一硬目标，贪功追击会让口袋重新裂开。,急促的进行曲与远处爆炸的低鸣,,44,7,4,沿阿让唐—尚布瓦公路向北突击，封闭口袋缺口,3,"[{""id"":""obj1"",""text_zh"":""沿阿让唐—尚布瓦公路向北突击，封闭口袋缺口"",""type"":""primary"",""required"":true,""time_limit_s"":1200},{""id"":""obj2"",""text_zh"":""夺取并守住尚布瓦镇"",""type"":""primary"",""required"":true,""time_limit_s"":null},{""id"":""obj3"",""text_zh"":""以炮火与 P-47 封锁突围的德军纵队"",""type"":""primary"",""required"":true,""time_limit_s"":null},{""id"":""obj4"",""text_zh"":""火力勿越界，避免误击北面的波兰第 1 装甲师阵地"",""type"":""secondary"",""required"":false,""time_limit_s"":null}]","{""ger_landser_rifleman"":16,""ger_ss_grenadier"":8,""ger_panzerfaust"":5,""pak40"":5,""stug_iii_g"":3,""pzkpfw_iv_f2"":3,""ger_mg42_team"":4}","{""verified_events"":[""1944 年 8 月美军向法莱斯—尚布瓦口袋推进"",""第 2 装甲师与第 4 步兵师自阿让唐北上"",""波兰第 1 装甲师参与合围并守住尚布瓦方向""],""dramatized"":[""避免误击友军的判定为游戏化设计"",""突围德军的规模与时间被浓缩""]}","{""xp"":1700,""weapon"":null,""class"":""mortarman""}","{""era"":1945,""weight_mult"":1.1}",obj1,沿阿让唐—尚布瓦公路向北突击，封闭口袋缺口,primary,true,1200,,,,obj2,夺取并守住尚布瓦镇,primary,true,,obj3,以炮火与 P-47 封锁突围的德军纵队,primary,true,,,,,obj4,火力勿越界，避免误击北面的波兰第 1 装甲师阵地,secondary,false,,,,,,1700,,mortarman,1945,1.1,,,,,,,,,,,,,,,,,,,,,,
52,us_52_liberation_of_paris,8,us_western_1945,巴黎解放之日,The Liberation of Paris,1944-08-25,法国巴黎,"Paris, France",48.86N 2.35E,urban_clearing,us,你是第 4 步兵师的一名步兵，沿奥尔良公路进城，在欢呼的人群与零星的枪声之间前进。,assault|rifleman|medic,德军城防部队在桥梁、政府大楼与屋顶布置机枪与狙击手，装甲侦察车在广场机动袭扰；冯·肖尔蒂茨为免城市被毁而消极抵抗，多数据点一触即退，但党卫军残部仍会死守个别建筑并对人群射击。,美军第 4 步兵师第 8、第 22 步兵团沿奥尔良公路进入巴黎，法军第 2 装甲师从北面推进，法兰西内地军控制警察总署并引导街区，第 102 骑兵侦察群提供先遣侦察。,city,clear,day,1000,4,1400,24,3,us_105_howitzer|us_sherman_platoon,us_sherman_platoon,1944 年 8 月 25 日，美军第 4 步兵师与法军第 2 装甲师进入巴黎。此前巴黎抵抗力量已于 8 月 19 日发动起义并占领警察总署。德军城防司令冯·肖尔蒂茨中将违反希特勒炸毁城市的命令，于当日下午在默里斯饭店签署投降书。8 月 26 日戴高乐沿香榭丽舍大街举行胜利阅兵，巴黎在四年占领后重获自由，第 4 步兵师成为解放首都的美军部队。第 4 步兵师进城时巴黎市民涌上街头，德军狙击手仍在个别屋顶射击，巷战与欢呼交织在一起。,本关教学『要点控制与平民保护』：巴黎的抵抗微弱，但误伤平民或损毁文物会直接降低关卡评价。用 M1 卡宾枪与战壕霰弹枪清理街道两侧窗口的狙击手，尽量不要呼叫 155mm 重炮。目标是以最快速度抵达默里斯饭店，而不是杀敌数量。,手风琴与进行曲交织的欢庆旋律,,14,5,2,沿奥尔良公路进城，与抵抗力量会合,3,"[{""id"":""obj1"",""text_zh"":""沿奥尔良公路进城，与抵抗力量会合"",""type"":""primary"",""required"":true,""time_limit_s"":900},{""id"":""obj2"",""text_zh"":""肃清塞纳河桥头与市政厅周边的德军据点"",""type"":""primary"",""required"":true,""time_limit_s"":null},{""id"":""obj3"",""text_zh"":""抵达默里斯饭店，接受德军城防司令投降"",""type"":""primary"",""required"":true,""time_limit_s"":null,""condition"":""reach_location"",""radius_m"":4,""marker_x_m"":18,""marker_y_m"":14},{""id"":""obj4"",""text_zh"":""保护文物建筑与平民，避免重炮轰击市区"",""type"":""secondary"",""required"":false,""time_limit_s"":null}]","{""ger_landser_rifleman"":8,""ger_mp40_leader"":2,""ger_mg42_team"":2,""ger_sniper"":1,""sdkfz_222"":1}","{""verified_events"":[""1944 年 8 月 25 日第 4 步兵师与法军第 2 装甲师进入巴黎"",""冯·肖尔蒂茨违反爆破巴黎的命令并签署投降书"",""8 月 26 日戴高乐在香榭丽舍大街举行胜利阅兵""],""dramatized"":[""抵抗力量的起义被简化为背景事件"",""城内战斗规模按关卡节奏缩减""]}","{""xp"":1400,""weapon"":""thompson_m1a1"",""class"":null}","{""era"":1945,""weight_mult"":0.95}",obj1,沿奥尔良公路进城，与抵抗力量会合,primary,true,900,,,,obj2,肃清塞纳河桥头与市政厅周边的德军据点,primary,true,,obj3,抵达默里斯饭店，接受德军城防司令投降,primary,true,,reach_location,,,obj4,保护文物建筑与平民，避免重炮轰击市区,secondary,false,,,,,,1400,thompson_m1a1,,1945,0.95,,,,4,,,,,,,,,,,,,,,,,18,14
53,us_53_hurtgen_forest,9,us_western_1945,许特根血桶森林,The Hürtgenwald: Bloody Bucket,1944-09-19,德国许特根森林,"Hürtgenwald, Germany",50.70N 6.35E,assault,us,你是第 28 步兵师的一名步枪手，在阴雨和泥泞中进入一片几乎看不见敌人的森林。,rifleman|scout|machine_gunner,德军在树线之间布下地雷与绊发雷，以桩柱标定射击诸元，MG42 与伪装狙击手从树冠和掩体后近距离开火；美军炮弹多在树冠上炸开，德军则依靠预构筑蔽所与反击小组逐块林区夺回阵地。,第 9 步兵师与第 28 步兵师在阴雨中向许特根推进，第 1 步兵师与第 4 步兵师随后投入争夺施密特与鲁尔河大坝，工兵在雷场中开辟通道，炮兵因树冠遮蔽效果大减。,forest,rain,day,120,9,2100,23,0,us_105_howitzer|us_155_heavy|us_bazooka_team_attach,us_sherman_platoon|stug_iii_g,1944 年 9 月 19 日，美军开始向德比边境的许特根森林推进，第 9、第 28 步兵师在秋季泥泞与阴雨中撞进德军预设的树线火力点与地雷网。林中能见度不足百米，美军炮弹多在树冠上爆炸，弹片反而大量杀伤己方步兵。11 月初第 28 步兵师第 112 团一度占领施密特，随即被德军装甲反击逐出。第 1 步兵师与第 4 步兵师随后投入争夺施密特与鲁尔河大坝，这场‘血桶森林’之战美军伤亡逾两万四千人。德军在林中预设了大量诱杀阵地与坑道掩蔽所。,本关教学『恶劣天气下的生存压力』：全程 0 补给点，雨水与低温让食物、水与体温的消耗达到最高档，K 口粮与 D 口粮必须精打细算，M1 钢盔只挡破片挡不住近距离狙击。能见度仅 120m，炮击散布翻倍。失败条件是班组体力归零或弹药耗尽。,低沉的单簧管与雨声中零星的枪响,,45,8,3,沿林间小径穿过地雷与铁丝网，夺取第一道树线阵地,3,"[{""id"":""obj1"",""text_zh"":""沿林间小径穿过地雷与铁丝网，夺取第一道树线阵地"",""type"":""primary"",""required"":true,""time_limit_s"":1800},{""id"":""obj2"",""text_zh"":""摧毁伪装在树冠与掩体后的机枪巢和 Pak40"",""type"":""primary"",""required"":true,""time_limit_s"":null},{""id"":""obj3"",""text_zh"":""在零补给条件下以 K 口粮与 D 口粮维持体力，守住已占领的林间阵地"",""type"":""primary"",""required"":true,""time_limit_s"":null},{""id"":""obj4"",""text_zh"":""引导 155mm 炮火轰击施密特方向的反击部队"",""type"":""secondary"",""required"":false,""time_limit_s"":null}]","{""ger_landser_rifleman"":18,""ger_mg42_team"":6,""ger_pioneer"":4,""ger_sniper"":4,""ger_panzerfaust"":4,""pak40"":4,""stug_iii_g"":3,""pzkpfw_iv_f2"":2}","{""verified_events"":[""1944 年 9 月起美军在许特根森林与德军激战"",""第 28 步兵师第 112 团一度攻占施密特后被德军反击逐出"",""美军在森林战中伤亡约两万四千人""],""dramatized"":[""第 9、第 28 与第 1 步兵师的作战时段被压缩进同一关卡"",""补给断绝与低温的生存压力为玩法化处理""]}","{""xp"":1900,""weapon"":""m2_flamethrower"",""class"":null}","{""era"":1945,""weight_mult"":1.15}",obj1,沿林间小径穿过地雷与铁丝网，夺取第一道树线阵地,primary,true,1800,,,,obj2,摧毁伪装在树冠与掩体后的机枪巢和 Pak40,primary,true,,obj3,在零补给条件下以 K 口粮与 D 口粮维持体力，守住已占领的林间阵地,primary,true,,,,,obj4,引导 155mm 炮火轰击施密特方向的反击部队,secondary,false,,,,,,1900,m2_flamethrower,,1945,1.15,,,,,,,,,,,,,,,,,,,,,,
54,us_54_aachen_streets,10,us_western_1945,亚琛古城巷战,Aachen Street Fighting,1944-10-02,德国亚琛,"Aachen, Germany",50.78N 6.08E,urban_clearing,us,你是第 1 步兵师‘大红一师’的一名突击兵，逐屋清理第一座德国大城市。,assault|engineer|medic,德军第 246 国民掷弹兵师与国民突击队把机枪架在楼房二层和街垒后，用铁拳封锁街口，工兵炸开路面引水灌入地下室，狙击手依托教堂与屋顶逐点射击，反击小组从巷口与下水道突然出现。,第 1 步兵师在第 19 军编成内正面强攻亚琛，第 30 步兵师自北面合围，第 3 装甲师切断德军退路，军属炮兵与专门调来的喷火坦克支援逐屋清剿。喷火坦克沿街逐门支援步兵。,city,rain,day,300,8,1900,26,2,us_105_howitzer|us_155_heavy|us_bazooka_team_attach,us_sherman_platoon,1944 年 10 月，美军第 1 步兵师与第 30 步兵师向亚琛合围。10 月 2 日第 19 军发起正面进攻，许布纳少将的‘大红一师’沿亚琛西南缘逐屋推进，第 3 装甲师在城北切断德军退路。德军第 246 国民掷弹兵师与国民突击队依托下水道、酒窖和教堂钟楼抵抗，工兵多次炸开街道灌水阻援。10 月 21 日亚琛守军投降，这是盟军攻占的第一座德国大城市，第 1 步兵师为此付出数千人伤亡。亚琛的陷落成为盟军推进到德国本土的标志，也让美军付出了高昂代价。,本关教学『室内与地下空间清理』：投弹前要先判断 Mk 2 的 4.5 秒引信与墙面反弹角度，否则会被守军回掷；喷火器与炸药包是清剿地下室的主力但负重极高，M1919A4 只能架在街口封锁通道。失败条件是被反冲击切断进城部队的后路。,工业感的打击乐与不祥的大提琴,,46,7,3,沿亚琛西南缘逐屋推进，切断守军退路,3,"[{""id"":""obj1"",""text_zh"":""沿亚琛西南缘逐屋推进，切断守军退路"",""type"":""primary"",""required"":true,""time_limit_s"":1500},{""id"":""obj2"",""text_zh"":""用喷火器与炸药包肃清下水道与酒窖中的守军"",""type"":""primary"",""required"":true,""time_limit_s"":null},{""id"":""obj3"",""text_zh"":""夺取教堂钟楼与市政厅，建立观察所"",""type"":""primary"",""required"":true,""time_limit_s"":null},{""id"":""obj4"",""text_zh"":""呼叫 155mm 炮火摧毁街区尽头的反坦克炮阵地"",""type"":""secondary"",""required"":false,""time_limit_s"":null}]","{""ger_volkssturm"":14,""ger_landser_rifleman"":12,""ger_mg42_team"":5,""ger_panzerfaust"":6,""ger_pioneer"":3,""ger_sniper"":3,""stug_iii_g"":3}","{""verified_events"":[""1944 年 10 月第 1 步兵师与第 30 步兵师合围亚琛"",""亚琛于 1944 年 10 月 21 日投降，是盟军攻占的第一座德国大城市"",""德军以国民掷弹兵师与国民突击队守城""],""dramatized"":[""下水道与酒窖战斗为代表性再现"",""许布纳少将的指挥细节被简化""]}","{""xp"":1800,""weapon"":""shotgun_m1897"",""class"":null}","{""era"":1945,""weight_mult"":1.1}",obj1,沿亚琛西南缘逐屋推进，切断守军退路,primary,true,1500,,,,obj2,用喷火器与炸药包肃清下水道与酒窖中的守军,primary,true,,obj3,夺取教堂钟楼与市政厅，建立观察所,primary,true,,,,,obj4,呼叫 155mm 炮火摧毁街区尽头的反坦克炮阵地,secondary,false,,,,,,1800,shotgun_m1897,,1945,1.1,,,,,,,,,,,,,,,,,,,,,,
55,us_55_bastogne_snow_line,11,us_western_1945,巴斯托涅雪地防线,Bastogne: The Snow Line,1944-12-20,比利时巴斯托涅,"Bastogne, Belgium",50.00N 5.72E,defense,us,你是第 101 空降师第 506 伞降步兵团的一名伞兵，在雪雾中守住阿登公路的岔路口。,anti_tank|machine_gunner|medic,德军以豹式和虎式坦克掩护装甲掷弹兵在雪雾中逼近，利用林缘与道路反斜面接近，铁拳小组潜行到近距攻击坦克歼击车；夜间用探照灯配合直射火力压制，突击队穿插进美军散兵坑之间。,第 101 空降师第 506、第 501、第 502 伞降步兵团与第 10 装甲师 B 战斗群固守巴斯托涅路口，第 327 滑翔机步兵团与第 705 坦克歼击营提供反装甲火力，第 4 装甲师从南面打通解围走廊。,forest,snow,day,200,10,2100,24,0,us_105_howitzer|us_bazooka_team_attach,us_sherman_platoon|pzkpfw_vi_tiger,1944 年 12 月 20 日，第 101 空降师以第 506 伞降步兵团等部队先头进入巴斯托涅，与第 10 装甲师 B 战斗群会合，受命守住阿登公路的七条交叉路口。12 月 22 日德军劝降，麦考利夫准将回以‘Nuts!’。部队在零下严寒、弹药与药品短缺的条件下依托树林与散兵坑击退德军装甲步兵的多次冲击，直至 12 月 26 日第 4 装甲师打通走廊。巴斯托涅的防守挡住了德军向马斯河的推进。巴斯托涅的路口连通七条公路，是阿登地区最关键的位置，守住它等于掐住德军油料补给线。,本关教学『冬季防御的生存极限』：0 补给点，积雪与零下气温让食物、水与体温消耗达到全局最高，弹药只能从阵亡者身上搜集；D 口粮可边移动边进食，是撑过夜间的唯一口粮。云层使 P-47 完全不可用，炮火与坦克歼击车是仅有支援。丢掉路口即失败。,寒风般的弦乐与远处坦克的低吼,,46,8,2,在巴斯托涅四周构筑散兵坑与反坦克障碍,3,"[{""id"":""obj1"",""text_zh"":""在巴斯托涅四周构筑散兵坑与反坦克障碍"",""type"":""primary"",""required"":true,""time_limit_s"":900},{""id"":""obj2"",""text_zh"":""击退德军装甲掷弹兵与坦克的多次冲击"",""type"":""primary"",""required"":true,""time_limit_s"":null},{""id"":""obj3"",""text_zh"":""在弹药药品短缺、气温零下的条件下守住路口，等待第 4 装甲师解围"",""type"":""primary"",""required"":true,""time_limit_s"":null},{""id"":""obj4"",""text_zh"":""以炮兵观察员引导 105mm 火力封锁林缘"",""type"":""secondary"",""required"":false,""time_limit_s"":null}]","{""ger_ss_grenadier"":12,""ger_landser_rifleman"":14,""pzkpfw_v_panther"":3,""pzkpfw_vi_tiger"":2,""stug_iii_g"":3,""ger_panzerfaust"":5,""ger_mg42_team"":4,""sdkfz_251"":3}","{""verified_events"":[""1944 年 12 月 20 日第 101 空降师进入巴斯托涅设防"",""12 月 22 日麦考利夫准将回以‘Nuts!’拒绝劝降"",""12 月 26 日第 4 装甲师打通解围走廊""],""dramatized"":[""零下气温与弹药短缺的数值为玩法化设定"",""德军进攻波次被压缩""]}","{""xp"":2200,""weapon"":""m1919a4"",""class"":null}","{""era"":1945,""weight_mult"":1.2}",obj1,在巴斯托涅四周构筑散兵坑与反坦克障碍,primary,true,900,,,,obj2,击退德军装甲掷弹兵与坦克的多次冲击,primary,true,,obj3,在弹药药品短缺、气温零下的条件下守住路口，等待第 4 装甲师解围,primary,true,,,,,obj4,以炮兵观察员引导 105mm 火力封锁林缘,secondary,false,,,,,,2200,m1919a4,,1945,1.2,,,,,,,,,,,,,,,,,,,,,,
56,us_56_remagen_bridge,12,us_western_1945,雷马根大桥夺取,The Bridge at Remagen,1945-03-07,德国雷马根,"Remagen, Germany",50.58N 7.23E,river_crossing,us,你是第 9 装甲师的一名战斗工兵，冲上莱茵河上最后一座还立着的桥。,engineer|assault|anti_tank,德军以 88mm 高射炮与机枪封锁桥面，工兵在桥体布设爆破装药并在美军逼近时点燃引信，东岸掷弹兵与铁拳小组依托铁路隧道和山坡反斜面反击，Fw 190 不时扫射桥头试图摧毁这座桥。,第 9 装甲师 B 战斗群第 14 坦克营与第 27 装甲步兵营率先抵达雷马根，第 1 集团军随后投入第 78 步兵师等部队扩大桥头堡，工兵持续加固桥面并拆除残余装药，P-47 压制东岸高炮阵地。,river,clear,day,900,8,1600,26,3,us_105_howitzer|us_155_heavy|us_p47_strike|us_sherman_platoon,us_sherman_platoon,1945 年 3 月 7 日，美国第 1 集团军第 9 装甲师 B 战斗群抵达雷马根，发现德军未能炸毁鲁登道夫大桥。蒂默曼中尉率第 27 装甲步兵营与第 14 坦克营的士兵在守军火力与炸桥爆炸中冲过大桥，当日下午建立东岸桥头堡。霍奇斯将军与布莱德雷迅速投入数个师扩大桥头阵地，希特勒震怒下令惩处失职军官。这是盟军跨过莱茵河的第一座桥，十天后因过载与爆破损伤而垮塌。美军工兵在德军炮火下抢修桥面，装甲部队连夜过河。,本关教学『桥梁夺取与拆弹时限』：地图上有倒计时爆破装置，必须在限定时间内夺取桥面并让工兵在桥塔处切断引信，任何迟疑都会以桥梁被炸毁告终。桥面狭窄无法展开，烟幕与压制火力是交替推进的前提；谢尔曼上不了桥，桥头只能靠步兵与巴祖卡夺取。,由远及近的鼓点与爆炸后的静默,,36,8,4,在德军炸桥前冲过鲁登道夫大桥，夺取东岸桥头堡,3,"[{""id"":""obj1"",""text_zh"":""在德军炸桥前冲过鲁登道夫大桥，夺取东岸桥头堡"",""type"":""primary"",""required"":true,""time_limit_s"":600},{""id"":""obj2"",""text_zh"":""清除桥塔与桥面的爆破装置，由工兵切断引信"",""type"":""primary"",""required"":true,""time_limit_s"":null},{""id"":""obj3"",""text_zh"":""建立桥头阵地，阻止德军装甲步兵反击"",""type"":""primary"",""required"":true,""time_limit_s"":null},{""id"":""obj4"",""text_zh"":""引导 P-47 打击东岸高地上的 88mm 炮位"",""type"":""secondary"",""required"":false,""time_limit_s"":null}]","{""ger_landser_rifleman"":12,""ger_mg42_team"":5,""ger_panzerfaust"":5,""ger_pioneer"":3,""flak36_88"":3,""pak40"":3,""ger_sniper"":3,""fw190"":2}","{""verified_events"":[""1945 年 3 月 7 日第 9 装甲师 B 战斗群夺取鲁登道夫大桥"",""蒂默曼中尉率第 27 装甲步兵营冲过桥面"",""大桥于十天后因损伤与超载垮塌""],""dramatized"":[""爆破倒计时的秒数为关卡设计"",""德军高炮阵地位置按地形简化""]}","{""xp"":2800,""weapon"":""springfield_m1903a4"",""class"":null}","{""era"":1945,""weight_mult"":1.1}",obj1,在德军炸桥前冲过鲁登道夫大桥，夺取东岸桥头堡,primary,true,600,,,,obj2,清除桥塔与桥面的爆破装置，由工兵切断引信,primary,true,,obj3,建立桥头阵地，阻止德军装甲步兵反击,primary,true,,,,,obj4,引导 P-47 打击东岸高地上的 88mm 炮位,secondary,false,,,,,,2800,springfield_m1903a4,,1945,1.1,,,,,,,,,,,,,,,,,,,,,,
